Date,Home Team,Away team,H total shots,A total shots,H zone A,H zone B,H zone C,A zone A,A zone B,A zone C,HSZA,HSZB,HSZC,ASZA,ASZB,ASZC,HSOT ,ASOT,FTHG,FTAG,FTR,HPA,APA,HPS,APS,FTHG_P,FTAG_P,HP,AP,HC,AC,HCO,ACO
1/1/2015,Aston Villa,Crystal Palace,14,6,7,50,43,0,33,67,1,7,6,0,2,4,3,0,0,0,D,0,0,0,0,0,0,69.2,30.8,18,9,5,2
1/1/2015,Hull,Everton,14,9,7,57,36,0,33,67,1,8,5,0,3,6,5,3,2,0,H,0,0,0,0,2,0,44.5,55.5,25,19,4,8
1/1/2015,Liverpool,Leicester,18,16,0,61,39,0,38,62,0,11,7,0,6,10,6,3,2,2,D,2,0,2,0,0,2,58.8,41.2,12,19,4,5
1/1/2015,Man City,Sunderland,32,4,6,69,25,0,75,25,2,22,8,0,3,1,12,4,3,2,H,0,1,0,1,3,1,63.8,36.2,25,10,10,4
1/1/2015,Newcastle,Burnley,10,16,30,40,30,7,47,46,3,4,3,1,8,7,4,4,3,3,D,0,0,0,0,3,3,51.5,48.5,24,14,5,5
1/1/2015,QPR,Swansea,24,25,13,42,45,8,52,40,3,10,11,2,13,10,6,6,1,1,D,0,0,0,0,1,1,41.4,58.6,22,28,4,9
1/1/2015,Southampton,Arsenal,13,11,8,69,23,0,45,55,1,9,3,0,5,6,6,6,2,0,H,0,0,0,0,2,0,41.5,58.5,21,30,2,7
1/1/2015,Stoke,Man United,11,6,9,82,9,17,67,16,1,9,1,1,4,1,2,2,1,1,D,0,0,0,0,1,1,34.1,65.9,26,27,11,7
1/1/2015,Tottenham,Chelsea,11,19,0,73,27,21,53,26,0,8,3,4,10,5,8,7,5,3,H,1,0,1,0,4,3,46.2,53.8,17,13,5,3
1/1/2015,West Ham,West Brom,8,14,13,63,25,0,57,43,1,5,2,0,8,6,3,3,1,1,D,0,0,0,0,1,1,45.8,54.2,25,14,0,1
1/10/2015,Burnley,QPR,18,17,17,61,22,0,47,53,3,11,4,0,8,9,7,7,2,1,H,0,1,0,1,2,0,44.8,55.2,23,24,10,6
1/10/2015,Chelsea,Newcastle,9,11,0,78,22,0,55,45,0,7,2,0,6,5,5,5,2,0,H,0,0,0,0,2,0,63,37,15,16,7,4
1/10/2015,Crystal Palace,Tottenham,21,9,5,67,28,11,33,56,1,14,6,1,3,5,7,5,2,1,H,1,0,1,0,1,1,41.6,58.4,22,17,4,6
1/10/2015,Everton,Man City,11,18,0,36,64,6,39,56,0,4,7,1,7,10,4,2,1,1,D,0,0,0,0,1,1,38.2,61.8,18,23,4,9
1/10/2015,Leicester,Aston Villa,11,12,9,73,18,0,67,33,1,8,2,0,8,4,3,1,1,0,H,0,0,0,0,1,0,37.6,62.4,27,22,6,6
1/10/2015,Sunderland,Liverpool,5,21,0,20,80,0,52,48,0,1,4,0,11,10,1,4,0,1,A,0,0,0,0,0,1,47.4,52.6,20,13,6,6
1/10/2015,Swansea,West Ham,20,11,5,32,63,9,45,46,1,6,13,1,5,5,3,5,1,1,D,0,0,0,0,1,1,60.8,39.2,18,28,4,5
1/10/2015,West Brom,Hull,9,12,0,56,44,0,42,58,0,5,4,0,5,7,3,2,1,0,H,0,0,0,0,1,0,51.5,48.5,16,23,5,2
1/11/2015,Arsenal,Stoke,14,7,0,50,50,0,57,43,0,7,7,0,4,3,6,2,3,0,H,0,0,0,0,3,0,53.8,46.2,25,20,9,1
1/11/2015,Man United,Southampton,10,9,10,70,20,0,100,0,1,7,2,0,9,0,0,1,0,1,A,0,0,0,0,0,1,60.5,39.5,30,20,3,5
1/17/2015,Aston Villa,Liverpool,15,12,7,60,33,17,67,16,1,9,5,2,8,2,4,5,0,2,A,0,0,0,0,0,2,48.5,51.5,29,10,9,5
1/17/2015,Burnley,Crystal Palace,8,11,25,50,25,0,64,36,2,4,2,0,7,4,4,4,2,3,A,0,0,0,0,2,3,50.8,49.2,21,26,5,7
1/17/2015,Leicester,Stoke,7,13,0,57,43,0,38,62,0,4,3,0,5,8,3,3,0,1,A,0,0,0,0,0,1,43.2,56.8,29,15,6,5
1/17/2015,Newcastle,Southampton,16,5,0,56,44,0,100,0,0,9,7,0,5,0,3,3,1,2,A,0,0,0,0,1,2,58,42,31,13,9,0
1/17/2015,QPR,Man United,18,12,6,44,50,17,42,41,1,8,9,2,5,5,4,7,0,2,A,0,0,0,0,0,2,38.3,61.7,19,16,3,3
1/17/2015,Swansea,Chelsea,11,21,0,9,91,5,48,47,0,1,10,1,10,10,0,11,0,5,A,0,0,0,0,0,5,45.4,54.6,7,7,1,2
1/17/2015,Tottenham,Sunderland,27,8,0,35,65,13,50,37,0,9,18,1,4,3,8,4,2,1,H,0,0,0,0,2,1,64.8,35.2,37,14,6,6
1/18/2015,Man City,Arsenal,12,9,0,92,8,11,67,22,0,11,1,1,6,2,4,3,0,2,A,0,1,0,1,0,1,64.7,35.3,42,9,16,3
1/18/2015,West Ham,Hull,17,9,29,35,36,0,44,56,5,6,6,0,4,5,6,3,3,0,H,0,0,0,0,3,0,54.1,45.9,23,21,4,7
1/19/2015,Everton,West Brom,17,5,0,35,65,0,40,60,0,6,11,0,2,3,4,0,0,0,D,1,0,0,0,0,0,68.8,31.2,42,9,8,1
1/31/2015,Chelsea,Man City,3,9,33,33,34,11,78,11,1,1,1,1,7,1,2,5,1,1,D,0,0,0,0,1,1,42.8,57.2,8,22,1,4
1/31/2015,Crystal Palace,Everton,13,14,8,38,54,7,43,50,1,5,7,1,6,7,3,2,0,1,A,0,0,0,0,0,1,54.1,45.9,38,10,6,1
1/31/2015,Hull,Newcastle,13,12,0,54,46,0,25,75,0,7,6,0,3,9,8,5,0,3,A,0,0,0,0,0,3,52.7,47.3,23,8,3,3
1/31/2015,Liverpool,West Ham,21,7,0,57,43,0,71,29,0,12,9,0,5,2,7,2,2,0,H,0,0,0,0,2,0,66.1,33.9,13,17,5,7
1/31/2015,Man United,Leicester,13,4,8,50,42,25,50,25,1,7,5,1,2,1,5,1,3,1,H,0,0,0,0,3,1,71.4,28.6,24,17,4,3
1/31/2015,Stoke,QPR,15,14,0,47,53,14,36,50,0,7,8,2,5,7,3,4,3,1,H,0,0,0,0,3,1,51.5,48.5,18,14,3,5
1/31/2015,Sunderland,Burnley,8,13,25,25,50,15,54,31,2,2,4,2,7,4,3,4,2,0,H,0,0,0,0,2,0,49.7,50.3,22,31,6,3
1/31/2015,West Brom,Tottenham,13,14,8,62,30,0,43,57,1,8,4,0,6,8,4,4,0,3,A,0,1,0,1,0,2,37.2,62.8,23,8,6,3
2/1/2015,Arsenal,Aston Villa,13,9,0,62,38,0,44,56,0,8,5,0,4,5,8,2,5,0,H,1,0,1,0,4,0,48,52,22,26,7,7
2/1/2015,Southampton,Swansea,15,6,0,60,40,0,33,67,0,9,6,0,2,4,6,1,0,1,A,0,0,0,0,0,1,63.2,36.8,51,3,9,0
2/7/2015,Aston Villa,Chelsea,8,12,0,75,25,0,67,33,0,6,2,0,8,4,1,5,1,2,A,0,0,0,0,1,2,51,49,36,15,7,7
2/7/2015,Everton,Liverpool,6,17,0,50,50,6,53,41,0,3,3,1,9,7,1,6,0,0,D,0,0,0,0,0,0,45.6,54.4,15,12,3,6
2/7/2015,Leicester,Crystal Palace,19,14,5,68,27,15,57,28,1,13,5,2,8,4,5,2,0,1,A,0,0,0,0,0,1,62.2,37.8,30,20,8,6
2/7/2015,Man City,Hull,18,7,6,56,38,14,43,43,1,10,7,1,3,3,5,3,1,1,D,0,0,0,0,1,1,73.6,26.4,34,7,13,1
2/7/2015,QPR,Southampton,12,16,17,42,41,0,44,56,2,5,5,0,7,9,3,5,0,1,A,0,0,0,0,0,1,45.9,54.1,19,25,3,4
2/7/2015,Swansea,Sunderland,16,4,6,38,56,0,0,100,1,6,9,0,0,4,7,1,1,1,D,0,0,0,0,1,1,59.6,40.4,31,6,7,1
2/7/2015,Tottenham,Arsenal,23,7,4,30,66,0,71,29,1,7,15,0,5,2,8,3,2,1,H,0,0,0,0,2,1,56,44,25,15,10,3
2/8/2015,Burnley,West Brom,12,12,17,42,41,33,42,25,2,5,5,4,5,3,5,5,2,2,D,0,0,0,0,2,2,56,44,28,23,5,6
2/8/2015,Newcastle,Stoke,9,7,0,78,22,0,43,57,0,7,2,0,3,4,3,3,1,1,D,0,0,0,0,1,1,41.9,58.1,21,28,5,8
2/8/2015,West Ham,Man United,13,18,15,54,31,6,56,38,2,7,4,1,10,7,6,6,1,1,D,0,0,0,0,1,1,41.2,58.8,25,28,9,9
2/10/2015,Arsenal,Leicester,17,11,0,53,47,0,91,9,0,9,8,0,10,1,7,4,2,1,H,0,0,0,0,2,1,57.1,42.9,10,26,6,6
2/10/2015,Hull,Aston Villa,10,11,20,40,40,0,45,55,2,4,4,0,5,6,4,4,2,0,H,0,0,0,0,2,0,37.8,62.2,12,20,3,7
2/10/2015,Liverpool,Tottenham,16,14,6,50,44,7,36,57,1,8,7,1,5,8,7,5,3,2,H,1,0,1,0,2,2,49.4,50.6,11,11,5,7
2/10/2015,Sunderland,QPR,18,19,17,44,39,0,58,42,3,8,7,0,11,8,5,4,0,2,A,0,0,0,0,0,2,52.7,47.3,37,17,8,4
2/11/2015,Chelsea,Everton,21,7,0,52,48,14,14,72,0,11,10,1,1,5,7,4,1,0,H,0,0,0,0,1,0,56.1,43.9,45,9,10,2
2/11/2015,Crystal Palace,Newcastle,7,5,0,100,0,0,20,80,0,7,0,0,1,4,3,1,1,1,D,0,0,0,0,1,1,53.5,46.5,24,13,5,2
2/11/2015,Man United,Burnley,11,13,18,45,37,23,54,23,2,5,4,3,7,3,7,3,3,1,H,1,0,1,0,2,1,57.3,42.7,18,25,5,8
2/11/2015,Southampton,West Ham,21,4,10,38,52,0,25,75,2,8,11,0,1,3,7,1,0,0,D,0,0,0,0,0,0,66.8,33.2,29,9,8,2
2/11/2015,Stoke,Man City,16,14,0,38,62,0,64,36,0,6,10,0,9,5,5,8,1,4,A,0,1,0,1,1,3,50.9,49.1,28,12,3,2
2/11/2015,West Brom,Swansea,12,10,8,42,50,0,50,50,1,5,6,0,5,5,4,3,2,0,H,0,0,0,0,2,0,35.6,64.4,19,21,5,4
2/21/2015,Aston Villa,Stoke,3,11,0,100,0,0,55,45,0,3,0,0,6,5,2,6,1,2,A,0,1,0,1,1,1,52.2,47.8,28,22,11,3
2/21/2015,Chelsea,Burnley,14,10,21,43,36,10,50,40,3,6,5,1,5,4,5,5,1,1,D,0,0,0,0,1,1,61,39,20,14,7,7
2/21/2015,Crystal Palace,Arsenal,22,12,23,50,27,8,50,42,5,11,6,1,6,5,3,4,1,2,A,0,1,0,1,1,1,52.9,47.1,51,10,10,1
2/21/2015,Hull,QPR,16,8,19,50,31,0,50,50,3,8,5,0,4,4,6,3,2,1,H,0,0,0,0,2,1,54.3,45.7,25,23,5,7
2/21/2015,Man City,Newcastle,16,8,13,44,43,0,38,62,2,7,7,0,3,5,9,1,5,0,H,1,0,1,0,4,0,56.9,43.1,13,18,7,3
2/21/2015,Sunderland,West Brom,13,5,8,31,61,0,20,80,1,4,8,0,1,4,2,1,0,0,D,0,0,0,0,0,0,61.9,38.1,36,25,11,2
2/21/2015,Swansea,Man United,11,18,9,82,9,6,61,33,1,9,1,1,11,6,6,3,2,1,H,0,0,0,0,2,1,36,64,13,38,4,10
2/22/2015,Everton,Leicester,19,15,0,67,33,7,67,26,0,13,6,1,10,4,3,4,2,2,D,0,0,0,0,2,2,58,42,18,24,4,7
2/22/2015,Southampton,Liverpool,13,6,0,54,46,0,67,33,0,7,6,0,4,2,5,4,0,2,A,0,0,0,0,0,2,59.7,40.3,26,3,6,1
2/22/2015,Tottenham,West Ham,27,12,4,41,55,17,50,33,1,11,15,2,6,4,8,5,2,2,D,1,0,0,0,2,2,64.8,35.2,19,24,7,9
2/28/2015,Burnley,Swansea,13,10,15,62,23,22,56,22,2,8,3,2,6,2,6,2,0,1,A,0,0,0,0,0,1,46.5,53.5,25,13,6,4
2/28/2015,Man United,Sunderland,30,5,3,63,34,0,40,60,1,19,10,0,2,3,10,3,2,0,H,1,0,1,0,1,0,73.4,26.6,38,3,13,1
2/28/2015,Newcastle,Aston Villa,14,14,7,57,36,14,43,43,1,8,5,2,6,6,5,3,1,0,H,0,0,0,0,1,0,49.5,50.5,24,22,9,5
2/28/2015,Stoke,Hull,17,1,12,53,35,100,0,0,2,9,6,1,0,0,2,0,1,0,H,0,0,0,0,1,0,57.9,42.1,22,7,5,2
2/28/2015,West Brom,Southampton,7,12,14,86,0,0,58,42,1,6,0,0,7,5,3,2,1,0,H,0,0,0,0,1,0,35.7,64.3,16,25,2,3
2/28/2015,West Ham,Crystal Palace,22,12,5,55,41,25,50,25,1,12,9,3,6,3,5,5,1,3,A,0,0,0,0,1,3,66.4,33.6,35,19,11,7
3/1/2015,Arsenal,Everton,17,8,0,59,41,0,50,50,0,10,7,0,4,4,4,2,2,0,H,0,0,0,0,2,0,47.2,52.8,26,24,8,9
3/1/2015,Liverpool,Man City,11,8,0,64,36,0,63,37,0,7,4,0,5,3,5,1,2,1,H,0,0,0,0,2,1,48,52,11,11,3,0
3/3/2015,Aston Villa,West Brom,16,3,0,38,62,33,33,34,0,6,10,1,1,1,8,1,2,1,H,1,0,1,0,1,1,58.2,41.8,14,19,0,3
3/3/2015,Hull,Sunderland,14,9,7,71,22,11,44,45,1,10,3,1,4,4,5,3,1,1,D,0,0,0,0,1,1,41.5,58.5,34,13,6,4
3/3/2015,Southampton,Crystal Palace,23,9,13,39,48,0,67,33,3,9,11,0,6,3,3,3,1,0,H,0,0,0,0,1,0,62.2,37.8,33,24,10,2
3/4/2015,Liverpool,Burnley,20,9,0,40,60,0,44,56,0,8,12,0,4,5,8,1,2,0,H,0,0,0,0,2,0,63.1,36.9,14,17,6,5
3/4/2015,Man City,Leicester,22,6,5,68,27,17,17,66,1,15,6,1,1,4,9,2,2,0,H,0,0,0,0,2,0,69.5,30.5,28,8,10,3
3/4/2015,Newcastle,Man United,9,11,22,33,45,9,55,36,2,3,4,1,6,4,2,5,0,1,A,0,0,0,0,0,1,32.4,67.6,17,21,4,1
3/4/2015,QPR,Arsenal,10,20,0,20,80,10,65,25,0,2,8,2,13,5,3,9,1,2,A,0,0,0,0,1,2,43.2,56.8,25,22,1,6
3/4/2015,Stoke,Everton,11,10,9,55,36,0,50,50,1,6,4,0,5,5,3,5,2,0,H,0,0,0,0,2,0,43.7,56.3,28,29,5,6
3/4/2015,Tottenham,Swansea,20,10,0,35,65,10,50,40,0,7,13,1,5,4,7,5,3,2,H,0,0,0,0,3,2,61,39,32,15,6,4
3/4/2015,West Ham,Chelsea,18,12,11,56,33,17,58,25,2,10,6,2,7,3,5,3,0,1,A,0,0,0,0,0,1,44.9,55.1,29,15,5,4
3/7/2015,QPR,Tottenham,17,13,0,71,29,8,54,38,0,12,5,1,7,5,6,6,1,2,A,0,0,0,0,1,2,37.5,62.5,21,22,3,5
3/14/2015,Arsenal,West Ham,19,7,11,89,0,0,86,14,2,17,0,0,6,1,9,1,3,0,H,0,0,0,0,3,0,67.9,32.1,23,18,7,5
3/14/2015,Burnley,Man City,10,22,0,20,80,0,50,50,0,2,8,0,11,11,4,5,1,0,H,0,0,0,0,1,0,29.8,70.2,12,27,2,6
3/14/2015,Crystal Palace,QPR,15,11,27,53,20,0,36,64,4,8,3,0,4,7,4,4,3,1,H,0,0,0,0,3,1,43.5,56.5,27,19,6,3
3/14/2015,Leicester,Hull,15,12,7,40,53,0,67,33,1,6,8,0,8,4,3,5,0,0,D,0,0,0,0,0,0,51.3,48.7,26,21,7,5
3/14/2015,Sunderland,Aston Villa,12,14,0,42,58,0,43,57,0,5,7,0,6,8,2,8,0,4,A,0,0,0,0,0,4,40.4,59.6,17,13,2,5
3/14/2015,West Brom,Stoke,14,9,0,57,43,0,33,67,0,8,6,0,3,6,5,2,1,0,H,0,0,0,0,1,0,43.2,56.8,19,16,7,5
3/15/2015,Chelsea,Southampton,22,12,14,68,18,0,75,25,3,15,4,0,9,3,7,5,1,1,D,0,1,0,1,1,0,60.9,39.1,23,13,9,2
3/15/2015,Everton,Newcastle,15,12,7,20,73,25,50,25,1,3,11,3,6,3,9,4,3,0,H,1,0,1,0,2,0,54.1,45.9,12,25,3,4
3/15/2015,Man United,Tottenham,11,5,0,64,36,0,40,60,0,7,4,0,2,3,3,1,3,0,H,0,0,0,0,3,0,51.6,48.4,15,11,4,2
3/16/2015,Swansea,Liverpool,10,16,0,20,80,6,31,63,0,2,8,1,5,10,3,5,0,1,A,0,0,0,0,0,1,46.3,53.7,18,17,4,5
3/21/2015,Aston Villa,Swansea,12,9,8,75,17,11,67,22,1,9,2,1,6,2,3,6,0,1,A,0,0,0,0,0,1,42.6,57.4,20,21,4,9
3/21/2015,Man City,West Brom,43,3,9,44,47,100,0,0,4,19,20,3,0,0,16,0,3,0,H,0,0,0,0,3,0,77.6,22.4,23,7,9,2
3/21/2015,Newcastle,Arsenal,16,7,25,56,19,14,86,0,4,9,3,1,6,0,4,3,1,2,A,0,0,0,0,1,2,50.9,49.1,24,18,9,4
3/21/2015,Southampton,Burnley,21,15,15,50,35,0,60,40,3,11,7,0,9,6,3,3,2,0,H,0,0,0,0,2,0,60.2,39.8,29,22,10,5
3/21/2015,Stoke,Crystal Palace,17,12,12,47,41,8,67,25,2,8,7,1,8,3,4,3,1,2,A,0,1,0,1,1,1,56.9,43.1,31,16,8,4
3/21/2015,Tottenham,Leicester,11,14,20,70,10,21,50,29,2,8,1,3,7,4,4,5,4,3,H,1,0,1,0,3,3,65.8,34.2,18,27,4,4
3/21/2015,West Ham,Sunderland,15,7,0,73,27,14,43,43,0,11,4,1,3,3,4,3,1,0,H,0,0,0,0,1,0,53.9,46.1,42,18,6,4
3/22/2015,Hull,Chelsea,19,8,0,58,42,0,75,25,0,11,8,0,6,2,8,3,2,3,A,0,0,0,0,2,3,42.9,57.1,16,15,6,6
3/22/2015,Liverpool,Man United,7,6,0,43,57,0,50,50,0,3,4,0,3,3,1,4,1,2,A,0,1,0,0,1,2,41.7,58.3,8,14,2,3
3/22/2015,QPR,Everton,14,8,14,21,65,0,75,25,2,3,9,0,6,2,1,3,1,2,A,0,0,0,0,1,2,52.3,47.7,35,12,1,3
4/4/2015,Arsenal,Liverpool,16,13,6,56,38,0,46,54,1,9,6,0,6,7,10,2,4,1,H,0,1,0,1,4,0,48.6,51.4,21,16,6,5
4/4/2015,Chelsea,Stoke,19,7,5,63,32,0,43,57,1,12,6,0,3,4,10,2,2,1,H,1,0,1,0,1,1,60.5,39.5,22,9,9,0
4/4/2015,Everton,Southampton,10,11,20,40,40,0,45,55,2,4,4,0,5,6,1,2,1,0,H,0,0,0,0,1,0,45.1,54.9,13,31,4,10
4/4/2015,Leicester,West Ham,20,14,10,60,30,14,57,29,2,12,6,2,8,4,7,7,2,1,H,1,0,0,0,2,1,49.6,50.4,33,28,7,6
4/4/2015,Man United,Aston Villa,20,5,5,65,30,20,60,20,1,13,6,1,3,1,7,2,3,1,H,0,0,0,0,3,1,76.4,23.6,41,6,10,2
4/4/2015,Swansea,Hull,9,10,0,44,56,20,30,50,0,4,5,2,3,5,4,1,3,1,H,0,0,0,0,3,1,58.4,41.6,15,25,4,7
4/4/2015,West Brom,QPR,21,12,10,52,38,8,42,50,2,11,8,1,5,6,6,7,1,4,A,0,0,0,0,1,4,55,45,30,11,2,4
4/5/2015,Burnley,Tottenham,15,12,7,60,33,0,17,83,1,9,5,0,2,10,4,2,0,0,D,0,0,0,0,0,0,40,60,31,8,5,3
4/5/2015,Sunderland,Newcastle,16,10,13,44,43,0,40,60,2,7,7,0,4,6,4,1,1,0,H,0,0,0,0,1,0,53.2,46.8,25,15,8,4
4/6/2015,Crystal Palace,Man City,5,22,40,40,20,0,41,59,2,2,1,0,9,13,3,4,2,1,H,0,0,0,0,2,1,25.9,74.1,8,30,4,13
4/7/2015,Aston Villa,QPR,21,11,0,62,38,18,45,37,0,13,8,2,5,4,7,5,3,3,D,0,0,0,0,3,3,63.8,36.2,25,19,7,3
4/11/2015,Burnley,Arsenal,8,17,0,38,62,0,41,59,0,3,5,0,7,10,4,5,0,1,A,0,0,0,0,0,1,31.8,68.2,19,19,1,6
4/11/2015,Southampton,Hull,9,15,0,78,22,0,53,47,0,7,2,0,8,7,4,4,2,0,H,1,0,1,0,1,0,54,46,18,23,2,5
4/11/2015,Sunderland,Crystal Palace,12,14,8,50,42,14,57,29,1,6,5,2,8,4,3,5,1,4,A,0,0,0,0,1,4,53.7,46.3,19,10,8,4
4/11/2015,Swansea,Everton,11,12,0,55,45,0,50,50,0,6,5,0,6,6,3,8,1,1,D,1,0,1,0,0,1,50.9,49.1,16,15,3,6
4/11/2015,Tottenham,Aston Villa,14,11,0,64,36,9,64,27,0,9,5,1,7,3,3,3,0,1,A,0,0,0,0,0,1,57,43,23,12,9,6
4/11/2015,West Brom,Leicester,8,12,38,13,49,8,67,25,3,1,4,1,8,3,5,4,2,3,A,0,0,0,0,2,3,45.9,54.1,20,39,4,6
4/11/2015,West Ham,Stoke,11,18,0,55,45,0,39,61,0,6,5,0,7,11,3,2,1,1,D,0,0,0,0,1,1,35.3,64.7,21,39,4,10
4/12/2015,Man United,Man City,11,10,18,64,18,10,70,20,2,7,2,1,7,2,7,3,4,2,H,0,0,0,0,4,2,58.6,41.4,13,11,1,5
4/12/2015,QPR,Chelsea,15,9,0,40,60,11,44,45,0,6,9,1,4,4,4,1,0,1,A,0,0,0,0,0,1,39.9,60.1,23,22,5,6
4/13/2015,Liverpool,Newcastle,14,10,7,71,22,0,50,50,1,10,3,0,5,5,6,3,2,0,H,0,0,0,0,2,0,61.8,38.2,13,19,6,6
4/18/2015,Chelsea,Man United,7,15,14,29,57,0,47,53,1,2,4,0,7,8,2,2,1,0,H,0,0,0,0,1,0,29.6,70.4,8,24,3,7
4/18/2015,Crystal Palace,West Brom,19,8,16,53,31,0,50,50,3,10,6,0,4,4,4,4,0,2,A,0,0,0,0,0,2,68.1,31.9,37,14,7,6
4/18/2015,Everton,Burnley,21,10,0,48,52,0,40,60,0,10,11,0,4,6,8,1,1,0,H,1,0,0,0,1,0,65.6,34.4,28,21,5,6
4/18/2015,Leicester,Swansea,18,10,6,61,33,0,30,70,1,11,6,0,3,7,6,6,2,0,H,0,0,0,0,2,0,41.1,58.9,32,16,6,3
4/18/2015,Stoke,Southampton,15,12,13,47,40,8,50,42,2,7,6,1,6,5,2,6,2,1,H,0,0,0,0,2,1,48.3,51.7,20,16,2,5
4/19/2015,Man City,West Ham,19,9,0,78,22,11,67,22,0,15,4,1,6,2,3,3,2,0,H,0,0,0,0,2,0,66.8,33.2,25,10,6,3
4/19/2015,Newcastle,Tottenham,11,14,0,64,36,7,43,50,0,7,4,1,6,7,5,8,1,3,A,0,0,0,0,1,3,38.9,61.1,23,10,4,3
4/25/2015,Burnley,Leicester,12,8,8,83,9,13,50,37,1,10,1,1,4,3,4,4,0,1,A,1,0,0,0,0,1,59.9,40.1,26,20,6,4
4/25/2015,Crystal Palace,Hull,7,21,29,43,28,19,29,52,2,3,2,4,6,11,3,7,0,2,A,0,0,0,0,0,2,46.5,53.5,21,33,0,9
4/25/2015,Man City,Aston Villa,11,13,0,55,45,0,46,54,0,6,5,0,6,7,4,4,3,2,H,0,0,0,0,3,2,44.9,55.1,16,26,7,6
4/25/2015,Newcastle,Swansea,12,11,8,67,25,18,55,27,1,8,3,2,6,3,4,6,2,3,A,0,0,0,0,2,3,48.2,51.8,36,13,9,6
4/25/2015,QPR,West Ham,18,8,17,50,33,0,50,50,3,9,6,0,4,4,7,2,0,0,D,1,0,0,0,0,0,53.8,46.2,25,13,6,6
4/25/2015,Southampton,Tottenham,13,7,8,69,23,0,57,43,1,9,3,0,4,3,4,2,2,2,D,0,0,0,0,2,2,36.2,63.8,27,16,8,3
4/25/2015,Stoke,Sunderland,23,15,13,30,57,13,53,34,3,7,13,2,8,5,8,5,1,1,D,0,0,0,0,1,1,60.5,39.5,43,22,9,8
4/25/2015,West Brom,Liverpool,10,22,20,30,50,5,27,68,2,3,5,1,6,15,4,5,0,0,D,0,0,0,0,0,0,26.8,73.2,16,21,2,4
4/26/2015,Arsenal,Chelsea,11,7,0,82,18,0,57,43,0,9,2,0,4,3,1,3,0,0,D,0,0,0,0,0,0,57,43,31,5,6,2
4/26/2015,Everton,Man United,9,17,0,44,56,6,35,59,0,4,5,1,6,10,7,4,3,0,H,0,0,0,0,3,0,34.9,65.1,15,32,7,7
4/28/2015,Hull,Liverpool,7,12,0,57,43,0,50,50,0,4,3,0,6,6,4,9,1,0,H,0,0,0,0,1,0,31.2,68.8,19,20,7,7
4/29/2015,Leicester,Chelsea,8,11,21,29,50,43,29,28,2,2,4,5,3,3,2,4,1,3,A,0,0,0,0,1,3,37.1,62.9,20,20,2,6
5/2/2015,Aston Villa,Everton,11,9,18,45,37,11,56,33,2,5,4,1,5,3,4,5,3,2,H,0,1,0,1,3,1,50.4,49.6,16,17,5,3
5/2/2015,Leicester,Newcastle,19,12,21,63,16,0,42,58,4,12,3,0,5,7,7,3,3,0,H,1,0,1,0,2,0,47.9,52.1,33,21,10,7
5/2/2015,Liverpool,QPR,25,10,0,44,56,0,30,70,0,11,14,0,3,7,8,2,2,1,H,1,0,0,0,2,1,62.1,37.9,27,20,9,6
5/2/2015,Man United,West Brom,26,6,0,50,50,0,50,50,0,13,13,0,3,3,9,3,0,1,A,1,0,0,0,0,1,79.7,20.3,43,9,9,3
5/2/2015,Sunderland,Southampton,12,11,8,67,25,0,55,45,1,8,3,0,6,5,6,2,2,1,H,2,0,2,0,0,1,43.7,56.3,12,16,1,1
5/2/2015,Swansea,Stoke,17,13,12,47,41,0,33,67,2,8,7,0,4,9,4,3,2,0,H,0,0,0,0,2,0,47.4,52.6,22,12,6,2
5/2/2015,West Ham,Burnley,29,9,17,41,42,0,67,33,5,12,12,0,6,3,7,2,1,0,H,1,0,1,0,0,0,60.2,39.8,43,21,13,3
5/3/2015,Chelsea,Crystal Palace,17,8,0,53,47,0,63,37,0,9,8,0,5,3,7,1,1,0,H,1,0,0,0,1,0,61.7,38.3,11,26,3,6
5/3/2015,Tottenham,Man City,21,15,5,57,38,7,60,33,1,12,8,1,9,5,5,4,0,1,A,0,0,0,0,0,1,55,45,24,19,8,7
5/4/2015,Hull,Arsenal,8,22,13,50,37,5,68,27,1,4,3,1,15,6,1,9,1,3,A,0,0,0,0,1,3,32.3,67.7,20,15,0,5
5/9/2015,Aston Villa,West Ham,14,6,14,36,50,0,50,50,2,5,7,0,3,3,5,1,1,0,H,0,0,0,0,1,0,58.2,41.8,24,20,2,6
5/9/2015,Crystal Palace,Man United,13,13,8,77,15,8,77,15,1,10,2,1,10,2,4,4,1,2,A,0,1,0,1,1,1,37.5,62.5,32,21,7,6
5/9/2015,Everton,Sunderland,22,10,5,68,27,10,50,40,1,15,6,1,5,4,4,3,0,2,A,0,0,0,0,0,2,73,27,38,8,15,1
5/9/2015,Hull,Burnley,21,8,5,38,57,13,75,12,1,8,12,1,6,1,3,2,0,1,A,0,0,0,0,0,1,54.5,45.5,35,15,9,3
5/9/2015,Leicester,Southampton,10,10,10,80,10,10,30,60,1,8,1,1,3,6,3,3,2,0,H,0,0,0,0,2,0,30.8,69.2,19,30,4,8
5/9/2015,Newcastle,West Brom,15,8,0,53,47,25,75,0,0,8,7,2,6,0,5,3,1,1,D,0,0,0,0,1,1,60.7,39.3,36,15,7,2
5/9/2015,Stoke,Tottenham,17,9,6,56,38,0,44,56,1,10,6,0,4,5,9,3,3,0,H,0,0,0,0,3,0,45,55,34,20,6,8
5/10/2015,Chelsea,Liverpool,8,15,0,88,12,13,47,40,0,7,1,2,7,6,3,4,1,1,D,0,0,0,0,1,1,47.8,52.2,15,19,6,4
5/10/2015,Man City,QPR,23,9,13,65,22,11,33,56,3,15,5,1,3,5,11,3,6,0,H,1,0,1,0,5,0,59.5,40.5,21,21,7,4
5/11/2015,Arsenal,Swansea,23,8,4,57,39,0,25,75,1,13,9,0,2,6,9,3,0,1,A,0,0,0,0,0,1,67.9,32.1,31,8,6,1
5/16/2015,Burnley,Stoke,11,11,9,64,27,18,27,55,1,7,3,2,3,6,4,3,0,0,D,0,0,0,0,0,0,45.7,54.3,29,26,7,6
5/16/2015,Liverpool,Crystal Palace,18,15,0,39,61,7,67,26,0,7,11,1,10,4,3,6,1,3,A,0,1,0,0,1,3,66.3,33.7,19,18,4,5
5/16/2015,QPR,Newcastle,8,22,25,25,50,9,55,36,2,2,4,2,12,8,4,8,2,1,H,0,0,0,0,2,1,47.5,52.5,16,25,3,12
5/16/2015,Southampton,Aston Villa,18,9,11,78,11,0,67,33,2,14,2,0,6,3,11,4,6,1,H,0,0,0,0,6,1,35.6,64.4,21,30,6,3
5/16/2015,Sunderland,Leicester,13,11,8,31,61,9,45,46,1,4,8,1,5,5,3,0,0,0,D,0,0,0,0,0,0,50.6,49.4,24,31,8,9
5/16/2015,Tottenham,Hull,10,14,10,50,40,14,71,15,1,5,4,2,10,2,3,2,2,0,H,0,0,0,0,2,0,55.7,44.3,17,33,6,8
5/16/2015,West Ham,Everton,13,21,0,46,54,10,48,42,0,6,7,2,10,9,3,5,1,2,A,0,0,0,0,1,2,45.3,54.7,29,21,7,8
5/17/2015,Man United,Arsenal,12,6,0,58,42,40,60,0,0,7,5,2,4,0,4,3,1,1,D,0,0,0,0,1,1,57.4,42.6,20,17,5,5
5/17/2015,Swansea,Man City,13,22,0,54,46,5,64,31,0,7,6,1,14,7,9,11,2,4,A,0,0,0,0,2,4,47.1,52.9,21,21,11,7
5/18/2015,West Brom,Chelsea,9,12,0,56,44,17,25,58,0,5,4,2,3,7,5,3,3,0,H,1,0,1,0,2,0,40.5,59.5,10,14,3,4
5/20/2015,Arsenal,Sunderland,28,7,0,61,39,0,86,14,0,17,11,0,6,1,8,3,0,0,D,0,0,0,0,0,0,75.1,24.9,35,4,5,2
5/24/2015,Arsenal,West Brom,24,14,8,67,25,14,43,43,2,16,6,2,6,6,13,5,4,1,H,0,0,0,0,4,1,63.7,36.3,17,11,7,3
5/24/2015,Aston Villa,Burnley,16,6,0,63,37,0,67,33,0,10,6,0,4,2,5,3,0,1,A,0,0,0,0,0,1,63.3,36.7,32,9,7,2
5/24/2015,Chelsea,Sunderland,24,17,4,50,46,12,29,59,1,12,11,2,5,10,8,9,3,1,H,1,0,1,0,2,1,64.6,35.4,33,10,11,3
5/24/2015,Crystal Palace,Swansea,13,5,0,54,46,20,20,60,0,7,6,1,1,3,7,2,1,0,H,0,0,0,0,1,0,47.4,52.6,30,18,7,3
5/24/2015,Everton,Tottenham,9,16,0,89,11,0,56,44,0,8,1,0,9,7,1,3,0,1,A,0,0,0,0,0,1,40.4,59.6,17,18,3,5
5/24/2015,Hull,Man United,16,7,0,69,31,14,29,57,0,11,5,1,2,4,6,1,0,0,D,0,0,0,0,0,0,40.9,59.1,34,8,8,1
5/24/2015,Leicester,QPR,22,18,0,82,18,6,22,72,0,18,4,1,4,13,7,2,5,1,H,0,0,0,0,5,1,45.7,54.3,29,23,5,6
5/24/2015,Man City,Southampton,15,13,13,53,34,0,62,38,2,8,5,0,8,5,6,4,2,0,H,0,0,0,0,2,0,54.5,45.5,20,25,8,4
5/24/2015,Newcastle,West Ham,17,4,6,53,41,0,50,50,1,9,7,0,2,2,4,1,2,0,H,0,0,0,0,2,0,40.8,59.2,27,18,2,3
5/24/2015,Stoke,Liverpool,15,13,20,13,67,0,46,54,3,2,10,0,6,7,9,4,6,1,H,0,0,0,0,6,1,45.5,54.5,12,19,3,9
8/8/2015,Bournemouth,Aston Villa,11,7,0,73,27,0,57,43,0,8,3,0,4,3,2,3,0,1,A,0,0,0,0,0,1,58.4,41.6,27,15,6,3
8/8/2015,Chelsea,Swansea,8,11,0,55,45,0,71,29,0,4,4,0,8,3,3,10,2,2,D,0,1,0,1,2,1,52,48,23,20,4,8
8/8/2015,Everton,Watford,10,11,0,60,40,0,45,55,0,6,4,0,5,6,5,5,2,2,D,0,0,0,0,2,2,66.6,33.4,32,13,8,2
8/8/2015,Leicester,Sunderland,13,8,5,74,21,27,36,37,1,10,3,2,3,3,8,5,4,2,H,1,0,1,0,3,2,44,56,23,21,6,3
8/8/2015,Man United,Tottenham,10,9,0,56,44,0,89,11,0,6,4,0,8,1,1,4,1,0,H,0,0,0,0,1,0,50,50,10,12,1,2
8/8/2015,Norwich,Crystal Palace,17,11,6,29,65,27,45,28,1,5,11,3,5,3,6,7,1,3,A,0,0,0,0,1,3,62.9,37.1,19,18,1,4
8/9/2015,Arsenal,West Ham,22,8,5,64,31,0,50,50,1,14,7,0,4,4,6,4,0,2,A,0,0,0,0,0,2,61.8,38.2,34,6,5,4
8/9/2015,Newcastle,Southampton,9,14,11,56,33,0,71,29,1,5,3,0,10,4,4,5,2,2,D,0,0,0,0,2,2,56.3,43.7,35,18,6,6
8/9/2015,Stoke,Liverpool,7,8,0,57,43,0,50,50,0,4,3,0,4,4,1,3,0,1,A,0,0,0,0,0,1,47,53,20,12,3,5
8/10/2015,West Brom,Man City,9,20,11,33,56,5,50,45,1,3,5,1,10,9,2,7,0,3,A,0,0,0,0,0,3,30.9,69.1,23,18,6,6
8/14/2015,Aston Villa,Man United,5,9,0,80,20,11,44,45,0,4,1,1,4,4,1,2,0,1,A,0,0,0,0,0,1,45.6,54.4,15,8,3,5
8/15/2015,Southampton,Everton,16,10,0,88,12,0,70,30,0,14,2,0,7,3,4,4,0,3,A,0,0,0,0,0,3,54.4,45.6,37,19,9,9
8/15/2015,Sunderland,Norwich,6,18,0,50,50,6,44,50,0,3,3,1,8,9,2,6,1,3,A,0,0,0,0,1,3,43.9,56.1,14,19,6,6
8/15/2015,Swansea,Newcastle,19,4,0,37,63,0,25,75,0,7,12,0,1,3,6,2,2,0,H,0,0,0,0,2,0,65.8,34.2,19,10,4,4
8/15/2015,Tottenham,Stoke,13,15,8,46,46,7,67,26,1,6,6,1,10,4,7,7,2,2,D,0,1,0,1,2,1,53.2,46.8,14,22,4,3
8/15/2015,Watford,West Brom,16,6,0,44,56,33,33,34,0,7,9,2,2,2,5,0,0,0,D,0,0,0,0,0,0,63.9,36.1,33,16,2,4
8/15/2015,West Ham,Leicester,10,10,20,50,30,20,50,30,2,5,3,2,5,3,3,6,1,2,A,0,0,0,0,1,2,69.8,30.2,41,16,8,4
8/16/2015,Crystal Palace,Arsenal,11,21,9,45,46,15,65,20,1,5,5,3,14,4,4,7,1,2,A,0,0,0,0,1,2,40.8,59.2,29,23,6,6
8/16/2015,Man City,Chelsea,18,10,6,56,38,10,40,50,1,10,7,1,4,5,8,3,3,0,H,0,0,0,0,3,0,49.2,50.8,25,16,5,1
8/17/2015,Liverpool,Bournemouth,18,13,6,39,55,0,62,38,1,7,10,0,8,5,2,2,1,0,H,0,0,0,0,1,0,54.9,45.1,11,25,6,8
8/22/2015,Crystal Palace,Aston Villa,16,12,6,56,38,0,55,45,1,9,6,0,7,5,6,2,2,1,H,0,0,0,0,2,1,49.9,50.1,28,21,6,4
8/22/2015,Leicester,Tottenham,13,19,0,54,46,11,53,36,0,7,6,2,10,7,2,6,1,1,D,0,0,0,0,1,1,34.8,65.2,22,18,2,7
8/22/2015,Man United,Newcastle,20,7,0,45,55,14,57,29,0,9,11,1,4,2,8,0,0,0,D,0,0,0,0,0,0,69.3,30.7,39,18,11,5
8/22/2015,Norwich,Stoke,20,6,10,40,50,0,67,33,2,8,10,0,4,2,7,1,1,1,D,0,0,0,0,1,1,42.6,57.4,24,8,9,0
8/22/2015,Sunderland,Swansea,10,20,0,40,60,0,50,50,0,4,6,0,10,10,2,9,1,1,D,0,0,0,0,1,1,39.3,60.7,17,20,3,4
8/22/2015,West Ham,Bournemouth,10,15,10,50,40,0,60,40,1,5,4,0,9,6,4,7,3,4,A,1,1,1,1,2,3,45.8,54.2,19,11,5,4
8/23/2015,Everton,Man City,10,16,10,40,50,6,50,44,1,4,5,1,8,7,1,9,0,2,A,0,0,0,0,0,2,45.7,54.3,19,23,8,7
8/23/2015,Watford,Southampton,13,14,15,31,54,7,50,43,2,4,7,1,7,6,0,5,0,0,D,0,0,0,0,0,0,52,48,30,21,5,2
8/23/2015,West Brom,Chelsea,15,15,7,47,46,0,67,33,1,7,7,0,10,5,6,5,2,3,A,1,0,0,0,2,3,43.9,56.1,23,11,8,7
8/24/2015,Arsenal,Liverpool,19,15,5,47,48,7,67,26,1,9,9,1,10,4,5,8,0,0,D,0,0,0,0,0,0,65.7,34.3,23,14,7,8
8/29/2015,Aston Villa,Sunderland,21,7,5,62,33,14,43,43,1,13,7,1,3,3,6,3,2,2,D,1,0,1,0,1,2,62,38,34,13,5,4
8/29/2015,Bournemouth,Leicester,5,4,0,40,60,0,100,0,0,2,3,0,4,0,2,2,1,1,D,0,1,0,1,1,0,56.1,43.9,19,22,4,4
8/29/2015,Chelsea,Crystal Palace,26,13,0,65,35,8,62,30,0,17,9,1,8,4,9,6,1,2,A,0,0,0,0,1,2,63.7,36.3,23,23,7,7
8/29/2015,Liverpool,West Ham,13,12,8,23,69,0,67,33,1,3,9,0,8,4,1,5,0,3,A,0,0,0,0,0,3,62.7,37.3,26,15,5,7
8/29/2015,Man City,Watford,18,7,6,39,55,0,43,57,1,7,10,0,3,4,5,0,2,0,H,0,0,0,0,2,0,58.7,41.3,26,13,9,3
8/29/2015,Newcastle,Arsenal,1,23,0,100,0,14,50,36,0,1,0,3,12,8,0,9,0,1,A,0,0,0,0,0,1,26.3,73.7,12,15,0,9
8/29/2015,Stoke,West Brom,13,15,8,15,77,7,47,46,1,2,10,1,7,7,5,5,0,1,A,0,0,0,0,0,1,49.1,50.9,18,28,6,5
8/29/2015,Tottenham,Everton,20,8,0,50,50,0,50,50,0,10,10,0,4,4,6,3,0,0,D,0,0,0,0,0,0,49.9,50.1,23,16,6,2
8/30/2015,Southampton,Norwich,23,6,9,65,26,0,50,50,2,15,6,0,3,3,8,1,3,0,H,0,0,0,0,3,0,61.1,38.9,37,14,6,4
8/30/2015,Swansea,Man United,9,11,0,44,56,9,55,36,0,4,5,1,6,4,4,4,2,1,H,0,0,0,0,2,1,35.5,64.5,7,22,0,1
9/12/2015,Arsenal,Stoke,29,8,3,76,21,0,25,75,1,22,6,0,2,6,12,4,2,0,H,0,0,0,0,2,0,67.6,32.4,25,8,13,1
9/12/2015,Crystal Palace,Man City,10,21,0,50,50,14,43,43,0,5,5,3,9,9,2,7,0,1,A,0,0,0,0,0,1,42.2,57.8,21,21,4,4
9/12/2015,Everton,Chelsea,14,15,0,64,36,7,53,40,0,9,5,1,8,6,9,2,3,1,H,0,0,0,0,3,1,38.8,61.2,19,32,7,14
9/12/2015,Man United,Liverpool,9,8,0,33,67,25,50,25,0,3,6,2,4,2,3,4,3,1,H,1,0,1,0,2,1,55.7,44.3,18,12,4,4
9/12/2015,Norwich,Bournemouth,12,7,0,58,42,14,57,29,0,7,5,1,4,2,4,2,3,1,H,0,0,0,0,3,1,47.7,52.3,19,16,4,4
9/12/2015,Watford,Swansea,17,8,0,53,47,0,38,62,0,9,8,0,3,5,6,3,1,0,H,0,0,0,0,1,0,39.2,60.8,15,22,1,3
9/12/2015,West Brom,Southampton,8,15,13,50,37,0,67,33,1,4,3,0,10,5,1,4,0,0,D,0,0,0,0,0,0,35.1,64.9,17,33,4,5
9/13/2015,Leicester,Aston Villa,21,11,5,38,57,9,36,55,1,8,12,1,4,6,6,4,3,2,H,0,0,0,0,3,2,48.7,51.3,17,12,4,5
9/13/2015,Sunderland,Tottenham,12,15,0,50,50,0,53,47,0,6,6,0,8,7,2,4,0,1,A,0,0,0,0,0,1,43.9,56.1,23,22,6,8
9/14/2015,West Ham,Newcastle,17,14,6,47,47,0,43,57,1,8,8,0,6,8,3,4,2,0,H,0,0,0,0,2,0,39.1,60.9,16,32,6,7
9/19/2015,Aston Villa,West Brom,13,11,0,23,77,9,55,36,0,3,10,1,6,4,3,6,0,1,A,0,0,0,0,0,1,59.8,40.2,26,21,2,7
9/19/2015,Bournemouth,Sunderland,15,9,0,47,53,11,22,67,0,7,8,1,2,6,5,2,2,0,H,0,0,0,0,2,0,53.1,46.9,17,14,7,3
9/19/2015,Chelsea,Arsenal,23,9,5,32,63,0,44,56,1,7,14,0,4,5,7,2,2,0,H,0,0,0,0,2,0,62.9,37.1,14,15,5,5
9/19/2015,Man City,West Ham,27,6,15,52,33,17,50,33,4,14,9,1,3,2,8,3,1,2,A,0,0,0,0,1,2,71.5,28.5,50,7,16,3
9/19/2015,Newcastle,Watford,15,13,0,60,40,0,54,46,0,9,6,0,7,6,5,4,1,2,A,0,0,0,0,1,2,57.6,42.4,40,9,5,5
9/19/2015,Stoke,Leicester,11,12,0,45,55,0,58,42,0,5,6,0,7,5,4,5,2,2,D,0,1,0,1,2,1,54.1,45.9,26,16,3,4
9/19/2015,Swansea,Everton,12,17,8,50,42,0,65,35,1,6,5,0,11,6,3,2,0,0,D,0,0,0,0,0,0,47.9,52.1,22,18,2,4
9/20/2015,Liverpool,Norwich,23,7,0,61,39,0,29,71,0,14,9,0,2,5,7,2,1,1,D,0,0,0,0,1,1,58.9,41.1,25,14,6,2
9/20/2015,Southampton,Man United,15,10,0,73,27,0,60,40,0,11,4,0,6,4,8,3,2,3,A,0,0,0,0,2,3,40.8,59.2,21,8,5,5
9/20/2015,Tottenham,Crystal Palace,21,12,0,38,62,8,42,50,0,8,13,1,5,6,6,4,1,0,H,0,0,0,0,1,0,57.1,42.9,17,23,6,5
9/26/2015,Leicester,Arsenal,15,22,7,73,20,0,59,41,1,11,3,0,13,9,7,12,2,5,A,0,0,0,0,2,5,42,58,17,25,6,5
9/26/2015,Liverpool,Aston Villa,21,10,5,62,33,10,70,20,1,13,7,1,7,2,12,4,3,2,H,0,0,0,0,3,2,62.4,37.6,32,11,11,1
9/26/2015,Man United,Sunderland,12,9,17,33,50,22,33,45,2,4,6,2,3,4,7,4,3,0,H,0,0,0,0,3,0,66.2,33.8,21,6,5,2
9/26/2015,Newcastle,Chelsea,11,16,0,55,45,0,44,56,0,6,5,0,7,9,5,4,2,2,D,0,0,0,0,2,2,35.5,64.5,11,23,4,6
9/26/2015,Southampton,Swansea,18,11,6,65,29,0,36,64,1,12,5,0,4,7,7,4,3,1,H,0,1,0,1,3,0,41.5,58.5,23,23,4,3
9/26/2015,Stoke,Bournemouth,8,12,13,75,12,0,42,58,1,6,1,0,5,7,5,6,2,1,H,0,0,0,0,2,1,43.7,56.3,15,18,3,7
9/26/2015,Tottenham,Man City,15,22,7,73,20,0,59,41,1,11,3,0,13,9,8,8,4,1,H,0,0,0,0,4,1,46,54,17,25,5,9
9/26/2015,West Ham,Norwich,19,16,11,58,31,0,56,44,2,11,6,0,9,7,7,7,2,2,D,0,0,0,0,2,2,42.9,57.1,24,17,7,5
9/27/2015,Watford,Crystal Palace,15,16,7,33,60,13,38,49,1,5,9,2,6,8,2,3,0,1,A,0,1,0,1,0,0,55.3,44.7,30,26,6,4
9/28/2015,West Brom,Everton,9,12,22,22,56,25,33,42,2,2,5,3,4,5,4,4,2,3,A,0,0,0,0,2,3,46,54,25,17,6,4
10/3/2015,Aston Villa,Stoke,13,12,0,46,54,0,67,33,0,6,7,0,8,4,2,5,0,1,A,0,0,0,0,0,1,56.3,43.7,29,17,9,5
10/3/2015,Bournemouth,Watford,12,11,8,42,50,0,55,45,1,5,6,0,6,5,6,2,1,1,D,1,0,0,0,1,1,54.4,45.6,25,16,5,3
10/3/2015,Chelsea,Southampton,10,13,0,40,60,0,62,38,0,4,6,0,8,5,3,5,1,3,A,0,0,0,0,1,3,60.2,39.8,14,15,4,6
10/3/2015,Crystal Palace,West Brom,21,7,5,33,62,0,43,57,1,7,13,0,3,4,8,2,2,0,H,1,0,1,0,1,0,60.4,39.6,34,11,8,3
10/3/2015,Man City,Newcastle,23,6,22,39,39,0,67,33,5,9,9,0,4,2,11,4,6,1,H,0,0,0,0,6,1,64.3,35.7,26,10,6,3
10/3/2015,Norwich,Leicester,17,16,12,53,35,25,69,6,2,9,6,4,11,1,2,5,1,2,A,0,1,0,1,1,1,66.2,33.8,49,21,16,8
10/3/2015,Sunderland,West Ham,12,20,8,42,50,10,50,40,1,5,6,2,10,8,3,6,2,2,D,0,0,0,0,2,2,44.1,55.9,8,32,1,8
10/4/2015,Arsenal,Man United,12,9,8,67,25,0,22,78,1,8,3,0,2,7,5,5,3,0,H,0,0,0,0,3,0,37.8,62.2,7,24,3,6
10/4/2015,Everton,Liverpool,14,13,0,43,57,23,62,15,0,6,8,3,8,2,4,4,1,1,D,0,0,0,0,1,1,50.9,49.1,17,21,5,11
10/4/2015,Swansea,Tottenham,12,19,9,55,36,5,42,53,1,7,4,1,8,10,2,11,2,2,D,0,0,0,0,2,2,45.6,54.4,20,26,5,6
10/17/2015,Chelsea,Aston Villa,10,10,0,67,33,10,60,30,0,7,3,1,6,3,3,1,2,0,H,0,0,0,0,2,0,49,51,12,18,4,4
10/17/2015,Crystal Palace,West Ham,6,24,17,67,16,4,46,50,1,4,1,1,11,12,1,4,1,3,A,1,0,1,0,0,3,38.5,61.5,15,25,1,9
10/17/2015,Everton,Man United,12,10,17,42,41,10,60,30,2,5,5,1,6,3,3,7,0,3,A,0,0,0,0,0,3,47.2,52.8,19,13,5,3
10/17/2015,Man City,Bournemouth,16,5,13,63,24,0,20,80,2,10,4,0,1,4,11,1,5,1,H,0,0,0,0,5,1,54.4,45.6,7,26,1,7
10/17/2015,Southampton,Leicester,13,27,23,46,31,0,59,41,3,6,4,0,16,11,6,7,2,2,D,0,0,0,0,2,2,50.6,49.4,21,33,6,7
10/17/2015,Tottenham,Liverpool,13,12,8,31,61,8,25,67,1,4,8,1,3,8,4,3,0,0,D,0,0,0,0,0,0,48.5,51.5,21,18,8,6
10/17/2015,Watford,Arsenal,8,17,0,25,75,6,71,23,0,2,6,1,12,4,1,6,0,3,A,0,0,0,0,0,3,33.3,66.7,16,22,3,9
10/17/2015,West Brom,Sunderland,9,9,22,56,22,22,22,56,2,5,2,2,2,5,1,2,1,0,H,0,0,0,0,1,0,56.2,43.8,24,20,1,5
10/18/2015,Newcastle,Norwich,11,18,9,82,9,6,39,55,1,9,1,1,7,10,6,6,6,2,H,0,0,0,0,6,2,44.2,55.8,15,29,3,7
10/19/2015,Swansea,Stoke,14,9,0,36,64,0,67,33,0,5,9,0,6,3,2,2,0,1,A,0,1,0,1,0,0,54.1,45.9,23,10,1,2
10/24/2015,Arsenal,Everton,20,10,10,65,25,10,40,50,2,13,5,1,4,5,5,5,2,1,H,0,0,0,0,2,1,56.2,43.8,19,19,7,5
10/24/2015,Aston Villa,Swansea,9,10,11,56,33,10,40,50,1,5,3,1,4,5,3,4,1,2,A,0,0,0,0,1,2,47.9,52.1,25,17,4,6
10/24/2015,Leicester,Crystal Palace,12,9,8,17,75,0,33,67,1,2,9,0,3,6,3,4,1,0,H,0,0,0,0,1,0,47.7,52.3,14,23,3,2
10/24/2015,Norwich,West Brom,16,7,13,38,49,29,29,42,2,6,8,2,2,3,3,4,0,1,A,0,0,0,0,0,1,60.6,39.4,46,20,13,3
10/24/2015,Stoke,Watford,11,13,0,36,64,0,46,54,0,4,7,0,6,7,1,3,0,2,A,0,0,0,0,0,2,66.2,33.8,26,12,11,5
10/24/2015,West Ham,Chelsea,12,9,0,50,50,11,56,33,0,6,6,1,5,3,5,4,2,1,H,0,0,0,0,2,1,45.5,54.5,19,12,7,4
10/25/2015,Bournemouth,Tottenham,11,14,0,55,45,14,50,36,0,6,5,2,7,5,3,9,1,5,A,0,1,0,1,1,4,45.8,54.2,19,15,4,5
10/25/2015,Liverpool,Southampton,15,8,0,53,47,38,50,12,0,8,7,3,4,1,2,3,1,1,D,0,0,0,0,1,1,60.3,39.7,22,20,10,7
10/25/2015,Man United,Man City,6,6,0,67,33,0,50,50,0,4,2,0,3,3,1,1,0,0,D,0,0,0,0,0,0,58.7,41.3,22,12,6,4
10/25/2015,Sunderland,Newcastle,9,21,11,56,33,5,57,38,1,5,3,1,12,8,3,8,3,0,H,1,0,1,0,2,0,39.7,60.3,11,30,1,10
10/31/2015,Chelsea,Liverpool,8,16,0,63,37,0,63,37,0,5,3,0,10,6,2,7,1,3,A,0,0,0,0,1,3,42.6,57.4,12,17,1,7
10/31/2015,Crystal Palace,Man United,10,5,0,100,0,0,40,60,0,10,0,0,2,3,5,1,0,0,D,0,0,0,0,0,0,44.6,55.4,21,14,7,3
10/31/2015,Man City,Norwich,21,5,5,67,28,40,40,20,1,14,6,2,2,1,5,3,2,1,H,2,0,1,0,1,1,70.8,29.2,31,15,12,4
10/31/2015,Newcastle,Stoke,15,9,0,73,27,0,89,11,0,11,4,0,8,1,6,2,0,0,D,0,0,0,0,0,0,52.3,47.7,29,19,11,4
10/31/2015,Swansea,Arsenal,7,14,0,29,71,14,50,36,0,2,5,2,7,5,3,5,0,3,A,0,0,0,0,0,3,54.2,45.8,20,19,4,4
10/31/2015,Watford,West Ham,20,8,5,70,25,0,63,37,1,14,5,0,5,3,5,3,2,0,H,0,0,0,0,2,0,50.6,49.4,22,17,7,2
10/31/2015,West Brom,Leicester,14,13,21,36,43,8,69,23,3,5,6,1,9,3,6,5,2,3,A,1,0,1,0,1,3,47.7,52.3,27,29,6,4
11/1/2015,Everton,Sunderland,16,17,0,53,47,6,59,35,0,8,8,1,10,6,8,9,6,2,H,0,0,0,0,6,2,67.4,32.6,19,14,6,1
11/1/2015,Southampton,Bournemouth,11,16,9,55,36,0,44,56,1,6,4,0,7,9,2,2,2,0,H,0,0,0,0,2,0,48.5,51.5,19,17,4,6
11/2/2015,Tottenham,Aston Villa,17,13,0,59,41,8,31,61,0,10,7,1,4,8,6,2,3,1,H,0,0,0,0,3,1,61.3,38.7,12,15,4,3
11/7/2015,Bournemouth,Newcastle,20,2,5,45,50,50,50,0,1,9,10,1,1,0,5,1,0,1,A,0,0,0,0,0,1,67.3,32.7,44,3,16,0
11/7/2015,Leicester,Watford,12,8,8,50,42,0,38,62,1,6,5,0,3,5,6,4,2,1,H,1,1,1,1,1,0,41.3,58.7,25,12,4,2
11/7/2015,Man United,West Brom,13,4,0,54,46,0,75,25,0,7,6,0,3,1,3,0,2,0,H,1,0,1,0,1,0,67.7,32.3,23,13,5,1
11/7/2015,Norwich,Swansea,9,8,22,22,56,0,50,50,2,2,5,0,4,4,5,0,1,0,H,0,0,0,0,1,0,32.9,67.1,18,16,5,2
11/7/2015,Stoke,Chelsea,8,1,13,63,24,0,53,47,1,5,2,0,1,0,2,4,1,0,H,0,0,0,0,1,0,36.8,63.2,14,18,1,9
11/7/2015,Sunderland,Southampton,9,14,0,56,44,7,57,36,0,5,4,1,8,5,3,4,0,1,A,0,1,0,1,0,0,35.8,64.2,14,33,10,11
11/7/2015,West Ham,Everton,16,13,0,50,50,8,46,46,0,8,8,1,6,6,5,4,1,1,D,0,0,0,0,1,1,50.8,49.2,23,16,3,5
11/8/2015,Arsenal,Tottenham,10,14,20,70,10,7,64,29,2,7,1,1,9,4,4,4,1,1,D,0,0,0,0,1,1,54.9,45.1,23,14,7,6
11/8/2015,Aston Villa,Man City,3,13,0,33,67,23,54,23,0,1,2,3,7,3,0,3,0,0,D,0,0,0,0,0,0,40.7,59.3,12,35,3,8
11/8/2015,Liverpool,Crystal Palace,22,9,5,68,27,11,44,45,1,15,6,1,4,4,4,4,1,2,A,0,0,0,0,1,2,63.8,36.2,33,18,14,6
11/21/2015,Chelsea,Norwich,10,14,10,70,20,8,54,38,1,7,2,1,8,5,7,2,1,0,H,0,0,0,0,1,0,64.4,35.6,15,22,6,5
11/21/2015,Everton,Aston Villa,16,10,6,63,31,10,20,70,1,10,5,1,2,7,9,3,4,0,H,0,0,0,0,4,0,59.9,40.1,11,9,2,3
11/21/2015,Man City,Liverpool,11,15,9,36,55,7,64,29,1,4,6,1,10,4,3,9,1,4,A,0,0,0,0,1,4,58.4,41.6,32,8,11,5
11/21/2015,Newcastle,Leicester,9,18,0,67,33,22,61,17,0,6,3,4,11,3,1,7,0,3,A,0,0,0,0,0,3,54.3,45.7,18,24,4,9
11/21/2015,Southampton,Stoke,15,16,0,60,40,6,44,50,0,9,6,1,7,8,1,4,0,1,A,0,0,0,0,0,1,58.2,41.8,40,10,7,3
11/21/2015,Swansea,Bournemouth,11,16,9,55,36,6,50,44,1,6,4,1,8,7,4,4,2,2,D,1,0,1,0,1,2,42.7,57.3,17,19,4,5
11/21/2015,Watford,Man United,10,14,10,70,20,8,54,38,1,7,2,1,8,5,5,6,1,2,A,1,0,1,0,0,2,43.6,56.4,15,22,4,10
11/21/2015,West Brom,Arsenal,5,11,25,50,25,9,55,36,1,3,1,1,6,4,1,3,2,1,H,0,1,0,0,2,1,27,73,16,23,3,5
11/22/2015,Tottenham,West Ham,22,10,5,59,36,0,40,60,1,13,8,0,4,6,12,4,4,1,H,0,0,0,0,4,1,55.8,44.2,19,23,7,6
11/23/2015,Crystal Palace,Sunderland,19,12,0,32,68,0,75,25,0,6,13,0,9,3,7,4,0,1,A,0,0,0,0,0,1,66.6,33.4,49,7,11,2
11/28/2015,Aston Villa,Watford,12,15,8,42,50,0,57,43,1,5,6,0,9,6,6,6,2,3,A,0,0,0,0,2,3,65.1,34.9,31,21,10,10
11/28/2015,Bournemouth,Everton,19,11,0,68,32,9,55,36,0,13,6,1,6,4,10,6,3,3,D,0,0,0,0,3,3,57.3,42.7,29,13,10,5
11/28/2015,Crystal Palace,Newcastle,19,7,11,37,52,0,71,29,2,7,10,0,5,2,8,2,5,1,H,0,0,0,0,5,1,53.7,46.3,31,20,7,5
11/28/2015,Leicester,Man United,7,10,0,43,57,10,50,40,0,3,4,1,5,4,3,2,1,1,D,0,0,0,0,1,1,31.1,68.9,13,29,1,8
11/28/2015,Man City,Southampton,16,12,6,44,50,17,42,41,1,7,8,2,5,5,9,8,3,1,H,0,0,0,0,3,1,45.9,54.1,17,13,6,4
11/28/2015,Sunderland,Stoke,18,7,0,50,50,43,14,43,0,9,9,3,1,3,5,3,2,0,H,0,0,0,0,2,0,48.2,51.8,21,15,9,5
11/29/2015,Liverpool,Swansea,10,9,0,80,20,11,33,56,0,8,2,1,3,5,2,0,1,0,H,1,0,1,0,0,0,53.7,46.3,22,27,8,7
11/29/2015,Norwich,Arsenal,7,12,14,29,57,17,42,41,1,2,4,2,5,5,2,3,1,1,D,0,0,0,0,1,1,36.8,63.2,20,28,3,6
11/29/2015,Tottenham,Chelsea,9,5,0,22,78,0,60,40,0,2,7,0,3,2,4,1,0,0,D,0,0,0,0,0,0,57.7,42.3,16,16,4,4
11/29/2015,West Ham,West Brom,17,8,6,65,29,14,57,29,1,11,5,1,5,2,6,3,1,1,D,0,0,0,0,1,1,60.9,39.1,20,21,5,2
12/5/2015,Arsenal,Sunderland,7,11,14,71,15,0,45,55,1,5,1,0,5,6,7,4,3,1,H,0,0,0,0,3,1,72.5,27.5,9,21,3,2
12/5/2015,Chelsea,Bournemouth,19,15,16,53,31,13,53,34,3,10,6,2,8,5,6,5,0,1,A,0,0,0,0,0,1,62.9,37.1,44,10,11,4
12/5/2015,Man United,West Ham,21,9,10,52,38,0,56,44,2,11,8,0,5,4,1,2,0,0,D,0,0,0,0,0,0,62.6,37.4,35,13,6,2
12/5/2015,Southampton,Aston Villa,23,9,9,65,26,11,44,45,2,15,6,1,4,4,5,2,1,1,D,0,0,0,0,1,1,63.1,36.9,45,10,10,4
12/5/2015,Stoke,Man City,7,11,14,71,15,0,45,55,1,5,1,0,5,6,4,4,2,0,H,0,0,0,0,2,0,46.5,53.5,9,21,1,6
12/5/2015,Swansea,Leicester,10,16,0,80,20,6,56,38,0,8,2,1,9,6,2,5,0,3,A,0,0,0,0,0,3,59,41,27,13,3,8
12/5/2015,Watford,Norwich,14,7,7,57,36,0,57,43,1,8,5,0,4,3,7,1,2,0,H,1,0,1,0,1,0,50.4,49.6,13,20,4,1
12/5/2015,West Brom,Tottenham,11,9,9,45,46,11,33,56,1,5,5,1,3,5,4,3,1,1,D,0,0,0,0,1,1,35.4,64.6,26,15,3,6
12/6/2015,Newcastle,Liverpool,7,10,0,67,33,20,30,50,0,5,2,2,3,5,1,1,2,0,H,0,0,0,0,2,0,39.8,60.2,7,25,2,7
12/7/2015,Everton,Crystal Palace,19,14,5,37,58,14,50,36,1,7,11,2,7,5,4,5,1,1,D,0,0,0,0,1,1,62,38,39,21,13,6
12/12/2015,Bournemouth,Man United,11,11,0,55,45,9,73,18,0,6,5,1,8,2,5,5,2,1,H,0,0,0,0,2,1,43.5,56.5,16,26,5,7
12/12/2015,Crystal Palace,Southampton,12,15,8,67,25,7,53,40,1,8,3,1,8,6,5,3,1,0,H,0,0,0,0,1,0,43.8,56.2,26,20,8,5
12/12/2015,Man City,Swansea,13,13,0,62,38,0,77,23,0,8,5,0,10,3,5,7,2,1,H,0,0,0,0,2,1,53,47,14,15,5,5
12/12/2015,Norwich,Everton,9,15,22,33,45,13,60,27,2,3,4,2,9,4,2,3,1,1,D,0,0,0,0,1,1,41.3,58.7,19,17,5,4
12/12/2015,Sunderland,Watford,14,13,0,57,43,23,46,31,0,8,6,3,6,4,2,6,0,1,A,0,0,0,0,0,1,48.6,51.4,36,12,8,3
12/12/2015,West Ham,Stoke,24,12,4,50,46,8,67,25,1,12,11,1,8,3,9,3,0,0,D,0,0,0,0,0,0,46.7,53.3,34,20,11,7
12/13/2015,Aston Villa,Arsenal,18,8,6,33,61,0,88,12,1,6,11,0,7,1,2,4,0,2,A,0,1,0,1,0,1,45.8,54.2,23,13,5,5
12/13/2015,Liverpool,West Brom,28,4,4,39,57,50,25,25,1,11,16,2,1,1,8,2,2,2,D,0,0,0,0,2,2,70.4,29.6,29,13,4,4
12/13/2015,Tottenham,Newcastle,20,8,5,30,65,25,75,0,1,6,13,2,6,0,8,4,1,2,A,0,0,0,0,1,2,58.3,41.7,14,17,6,2
12/14/2015,Leicester,Chelsea,9,11,0,56,44,27,45,28,0,5,4,3,5,3,5,5,2,1,H,0,0,0,0,2,1,34.4,65.6,15,32,1,8
12/19/2015,Chelsea,Sunderland,17,11,12,53,35,9,55,36,2,9,6,1,6,4,7,3,3,1,H,1,0,1,0,2,1,67.2,32.8,17,6,2,2
12/19/2015,Everton,Leicester,13,10,8,69,23,0,70,30,1,9,3,0,7,3,5,5,2,3,A,0,2,0,2,2,1,67.4,32.6,32,7,10,2
12/19/2015,Man United,Norwich,11,6,0,55,45,0,33,67,0,6,5,0,2,4,2,4,1,2,A,0,0,0,0,1,2,69.2,30.8,52,8,11,0
12/19/2015,Newcastle,Aston Villa,8,10,13,87,0,0,50,50,1,7,0,0,5,5,4,7,1,1,D,0,0,0,0,1,1,47.2,52.8,25,33,3,7
12/19/2015,Southampton,Tottenham,11,12,0,73,27,8,58,34,0,8,3,1,7,4,4,6,0,2,A,0,0,0,0,0,2,51,49,27,16,4,7
12/19/2015,Stoke,Crystal Palace,26,12,12,31,57,17,50,33,3,8,15,2,6,4,5,3,1,2,A,1,1,1,1,0,1,58.4,41.6,32,14,7,3
12/19/2015,West Brom,Bournemouth,7,16,14,57,29,0,44,56,1,4,2,0,7,9,2,7,1,2,A,0,1,0,1,1,1,32.6,67.4,20,21,4,8
12/20/2015,Swansea,West Ham,22,11,0,50,50,0,55,45,0,11,11,0,6,5,2,2,0,0,D,0,0,0,0,0,0,72.7,27.3,26,21,8,9
12/20/2015,Watford,Liverpool,6,12,17,67,16,0,58,42,1,4,1,0,7,5,5,4,3,0,H,0,0,0,0,3,0,35.1,64.9,17,24,7,9
12/21/2015,Arsenal,Man City,8,20,0,75,25,0,55,45,0,6,2,0,11,9,5,6,2,1,H,0,0,0,0,2,1,37.3,62.7,17,30,4,8
12/26/2015,Aston Villa,West Ham,15,10,7,53,40,10,50,40,1,8,6,1,5,4,8,4,1,1,D,1,0,1,0,0,1,59.1,40.9,43,16,9,6
12/26/2015,Bournemouth,Crystal Palace,10,8,0,50,50,0,75,25,0,5,5,0,6,2,4,0,0,0,D,0,0,0,0,0,0,55.2,44.8,20,27,8,9
12/26/2015,Chelsea,Watford,17,13,12,47,41,0,58,42,2,8,7,0,8,5,2,3,2,2,D,1,1,0,1,2,1,62.4,37.6,27,14,9,4
12/26/2015,Liverpool,Leicester,26,7,0,50,50,0,71,29,0,13,13,0,5,2,4,3,1,0,H,0,0,0,0,1,0,64.8,35.2,26,18,7,6
12/26/2015,Man City,Sunderland,19,11,0,63,37,9,73,18,0,12,7,1,8,2,9,3,4,1,H,1,0,0,0,4,1,66.4,33.6,16,14,5,1
12/26/2015,Newcastle,Everton,10,20,20,50,30,10,45,45,2,5,3,2,9,9,1,7,0,1,A,0,0,0,0,0,1,40.9,59.1,19,32,1,7
12/26/2015,Southampton,Arsenal,14,8,7,57,36,13,75,12,1,8,5,1,6,1,5,4,4,0,H,0,0,0,0,4,0,35.2,64.8,11,22,3,4
12/26/2015,Stoke,Man United,13,11,0,23,77,0,55,45,0,3,10,0,6,5,3,6,2,0,H,0,0,0,0,2,0,41.5,58.5,6,27,1,12
12/26/2015,Swansea,West Brom,7,9,14,57,29,0,78,22,1,4,2,0,7,2,2,3,1,0,H,0,0,0,0,1,0,55.5,44.5,5,32,0,7
12/26/2015,Tottenham,Norwich,15,11,20,60,20,9,55,36,3,9,3,1,6,4,10,3,3,0,H,1,0,1,0,2,0,59.8,40.2,18,16,9,4
12/28/2015,Arsenal,Bournemouth,13,10,31,62,7,0,40,60,4,8,1,0,4,6,6,3,2,0,H,0,0,0,0,2,0,51.4,48.6,28,10,9,3
12/28/2015,Crystal Palace,Swansea,10,5,0,60,40,0,20,80,0,6,4,0,1,4,2,3,0,0,D,0,0,0,0,0,0,53.6,46.4,39,12,7,4
12/28/2015,Everton,Stoke,15,8,7,60,33,0,75,25,1,9,5,0,6,2,3,5,3,4,A,0,1,0,1,3,3,51.3,48.7,23,11,6,2
12/28/2015,Man United,Chelsea,12,8,17,17,66,0,75,25,2,2,8,0,6,2,2,3,0,0,D,0,0,0,0,0,0,66.8,33.2,29,10,5,3
12/28/2015,Norwich,Aston Villa,9,6,0,44,56,0,33,67,0,4,5,0,2,4,4,3,2,0,H,0,0,0,0,2,0,48.2,51.8,16,25,3,7
12/28/2015,Watford,Tottenham,9,10,11,44,45,20,30,50,1,4,4,2,3,5,1,3,1,2,A,0,0,0,0,1,2,37.5,62.5,16,22,5,3
12/28/2015,West Brom,Newcastle,22,7,18,59,23,14,86,0,4,13,5,1,6,0,5,2,1,0,H,0,0,0,0,1,0,51.7,48.3,43,24,18,6
12/28/2015,West Ham,Southampton,13,15,8,62,30,14,36,50,1,8,4,2,5,8,5,4,2,1,H,0,0,0,0,2,1,49.1,50.9,18,35,4,7
12/29/2015,Leicester,Man City,11,21,9,36,55,5,62,33,1,4,6,1,13,7,4,5,0,0,D,0,0,0,0,0,0,39.3,60.7,17,39,1,13
12/30/2015,Sunderland,Liverpool,8,17,0,38,62,0,59,41,0,3,5,0,10,7,3,6,0,1,A,0,0,0,0,0,1,42.3,57.7,19,11,6,4
1/2/2016,Arsenal,Newcastle,15,15,13,67,20,7,67,26,2,10,3,1,10,4,3,6,1,0,H,0,0,0,0,1,0,51,49,25,24,7,4
1/2/2016,Leicester,Bournemouth,16,9,6,50,44,11,44,45,1,8,7,1,4,4,2,0,0,0,D,1,0,0,0,0,0,53.5,46.5,30,13,7,1
1/2/2016,Man United,Swansea,19,9,5,79,16,0,89,11,1,15,3,0,8,1,6,4,2,1,H,0,0,0,0,2,1,54.7,45.3,21,10,4,2
1/2/2016,Norwich,Southampton,10,10,10,50,40,10,70,20,1,5,4,1,7,2,1,4,1,0,H,0,0,0,0,1,0,41.6,58.4,13,27,4,9
1/2/2016,Sunderland,Aston Villa,14,8,0,54,46,0,63,37,0,8,6,0,5,3,6,3,3,1,H,0,0,0,0,3,1,44.9,55.1,21,21,3,3
1/2/2016,Watford,Man City,12,16,0,50,50,6,44,50,0,6,6,1,7,8,3,5,1,2,A,0,0,0,0,1,2,48.5,51.5,17,18,4,5
1/2/2016,West Brom,Stoke,17,10,12,53,35,20,40,40,2,9,6,2,4,4,5,3,2,1,H,0,0,0,0,2,1,45.7,54.3,22,20,4,6
1/2/2016,West Ham,Liverpool,18,23,17,61,22,9,30,61,3,11,4,2,7,14,10,2,2,0,H,0,0,0,0,2,0,35.6,64.4,12,33,3,9
1/3/2016,Crystal Palace,Chelsea,8,10,13,38,49,20,50,30,1,3,4,2,5,3,4,4,0,3,A,0,0,0,0,0,3,39.8,60.2,28,12,5,7
1/3/2016,Everton,Tottenham,12,19,0,67,33,0,21,79,0,8,4,0,4,15,3,4,1,1,D,0,0,0,0,1,1,40.8,59.2,15,15,4,4
1/12/2016,Aston Villa,Crystal Palace,14,9,0,46,54,11,33,56,0,6,8,1,3,5,3,1,1,0,H,0,0,0,0,1,0,51.3,48.7,25,7,9,0
1/12/2016,Bournemouth,West Ham,11,10,9,9,82,10,20,70,1,1,9,1,2,7,4,5,1,3,A,0,0,0,0,1,3,48.7,51.3,10,17,4,7
1/12/2016,Newcastle,Man United,14,12,0,71,29,8,58,34,0,10,4,1,7,4,6,4,3,3,D,1,1,1,1,2,2,54.2,45.8,20,16,5,3
1/13/2016,Chelsea,West Brom,15,13,14,36,50,15,38,47,2,5,8,2,5,6,2,6,2,2,D,0,0,0,0,2,2,61.1,38.9,15,31,7,7
1/13/2016,Liverpool,Arsenal,22,14,0,55,45,14,64,22,0,12,10,2,9,3,6,5,3,3,D,0,0,0,0,3,3,59.5,40.5,28,6,9,3
1/13/2016,Man City,Everton,22,7,0,68,32,0,86,14,0,15,7,0,6,1,5,2,0,0,D,0,0,0,0,0,0,55,45,49,13,12,5
1/13/2016,Southampton,Watford,15,4,7,60,33,0,25,75,1,9,5,0,1,3,7,1,2,0,H,0,0,0,0,2,0,50.6,49.4,36,15,8,1
1/13/2016,Stoke,Norwich,15,5,7,43,50,0,40,60,1,6,8,0,2,3,4,2,3,1,H,0,0,0,0,3,1,64.4,35.6,31,12,7,3
1/13/2016,Swansea,Sunderland,10,8,0,40,60,43,57,0,0,4,6,3,5,0,5,5,2,4,A,1,0,1,0,1,4,51.2,48.8,20,18,8,6
1/13/2016,Tottenham,Leicester,21,10,0,48,52,0,70,30,0,10,11,0,7,3,5,2,0,1,A,0,0,0,0,0,1,61.7,38.3,42,15,16,8
1/16/2016,Aston Villa,Leicester,14,12,7,57,36,8,50,42,1,8,5,1,6,5,5,5,1,1,D,0,1,0,0,1,1,56.5,43.5,30,11,3,4
1/16/2016,Bournemouth,Norwich,15,10,7,47,46,0,60,40,1,7,7,0,6,4,8,3,3,0,H,1,0,1,0,2,0,45.4,54.6,16,25,5,3
1/16/2016,Chelsea,Everton,14,10,14,43,43,11,56,33,2,6,6,1,6,3,7,4,3,3,D,0,0,0,0,3,3,54.9,45.1,31,12,6,4
1/16/2016,Man City,Crystal Palace,17,9,6,47,47,0,56,44,1,8,8,0,5,4,4,3,4,0,H,0,0,0,0,4,0,52.8,47.2,13,25,5,6
1/16/2016,Newcastle,West Ham,23,10,0,57,43,21,40,39,0,13,10,2,4,4,10,3,2,1,H,0,0,0,0,2,1,50.7,49.3,15,18,3,3
1/16/2016,Southampton,West Brom,9,10,0,67,33,0,30,70,0,6,3,0,3,7,5,0,3,0,H,1,0,1,0,2,0,55.8,44.2,18,26,1,3
1/16/2016,Tottenham,Sunderland,26,5,8,46,46,20,20,60,2,12,12,1,1,3,11,2,4,1,H,1,0,1,0,3,1,66.6,33.4,26,8,11,3
1/17/2016,Liverpool,Man United,19,7,5,32,63,0,57,43,1,6,12,0,4,3,4,1,0,1,A,0,0,0,0,0,1,53.3,46.7,21,13,5,4
1/17/2016,Stoke,Arsenal,14,8,14,36,50,0,50,50,2,5,7,0,4,4,6,3,0,0,D,0,0,0,0,0,0,45,55,20,16,6,6
1/18/2016,Swansea,Watford,10,13,0,40,60,0,23,77,0,4,6,0,3,10,2,2,1,0,H,0,0,0,0,1,0,56.7,43.3,28,23,6,3
1/23/2016,Crystal Palace,Tottenham,12,24,9,55,36,4,29,67,1,7,4,1,7,16,3,11,1,3,A,0,0,0,0,1,3,36.1,63.9,24,23,3,10
1/23/2016,Leicester,Stoke,15,3,7,67,26,0,33,67,1,10,4,0,1,2,5,2,3,0,H,0,0,0,0,3,0,45.2,54.8,24,25,8,4
1/23/2016,Man United,Southampton,8,7,0,13,87,14,57,29,0,1,7,1,4,2,1,2,0,1,A,0,0,0,0,0,1,55.4,44.6,16,21,4,4
1/23/2016,Norwich,Liverpool,6,13,0,83,17,0,62,38,0,5,1,0,8,5,5,7,4,5,A,1,0,1,0,3,5,47.9,52.1,17,12,3,3
1/23/2016,Sunderland,Bournemouth,10,15,0,50,50,0,53,47,0,5,5,0,8,7,5,5,1,1,D,0,0,0,0,1,1,42.7,57.3,20,20,3,4
1/23/2016,Watford,Newcastle,13,11,15,62,23,0,91,9,2,8,3,0,10,1,5,2,2,1,H,0,0,0,0,2,1,51.3,48.7,16,28,2,7
1/23/2016,West Brom,Aston Villa,4,15,25,25,50,0,40,60,1,1,2,0,6,9,0,4,0,0,D,0,0,0,0,0,0,39.4,60.6,27,28,2,6
1/23/2016,West Ham,Man City,10,16,10,60,30,0,63,37,1,6,3,0,10,6,3,3,2,2,D,0,1,0,1,2,1,46.7,53.3,22,15,5,2
1/24/2016,Arsenal,Chelsea,9,12,0,78,22,8,75,17,0,7,2,1,9,2,1,6,0,1,A,0,0,0,0,0,1,46.6,53.4,22,15,6,7
1/24/2016,Everton,Swansea,21,7,10,55,35,0,57,43,2,12,7,0,4,3,2,5,1,2,A,0,1,0,1,1,1,59.7,40.3,40,9,7,1
2/2/2016,Arsenal,Southampton,22,14,18,77,5,0,43,57,4,17,1,0,6,8,11,3,0,0,D,0,0,0,0,0,0,66.7,33.3,33,16,13,3
2/2/2016,Crystal Palace,Bournemouth,14,8,7,50,43,13,38,49,1,7,6,1,3,4,3,4,1,2,A,0,0,0,0,1,2,50.6,49.4,29,15,5,3
2/2/2016,Leicester,Liverpool,13,14,8,15,77,0,36,64,1,2,10,0,5,9,6,2,2,0,H,0,0,0,0,2,0,36.1,63.9,13,32,3,12
2/2/2016,Man United,Stoke,15,10,13,60,27,0,20,80,2,9,4,0,2,8,5,0,3,0,H,0,0,0,0,3,0,46.9,53.1,14,19,2,5
2/2/2016,Norwich,Tottenham,11,17,18,45,37,12,59,29,2,5,4,2,10,5,2,6,0,3,A,0,1,0,1,0,2,45.8,54.2,24,17,6,8
2/2/2016,Sunderland,Man City,11,7,9,45,46,0,57,43,1,5,5,0,4,3,2,2,0,1,A,0,0,0,0,0,1,49.6,50.4,26,10,8,4
2/2/2016,West Brom,Swansea,17,18,12,65,23,6,44,50,2,11,4,1,8,9,7,4,1,1,D,0,0,0,0,1,1,45.3,54.7,44,15,7,7
2/2/2016,West Ham,Aston Villa,25,5,12,44,44,0,0,100,3,11,11,0,0,5,6,2,2,0,H,0,0,0,0,2,0,68,32,20,14,5,5
2/3/2016,Everton,Newcastle,18,7,0,50,50,0,43,57,0,9,9,0,3,4,7,3,3,0,H,2,0,2,0,1,0,55.8,44.2,15,17,3,3
2/3/2016,Watford,Chelsea,12,12,0,58,42,17,58,25,0,7,5,2,7,3,3,4,0,0,D,0,0,0,0,0,0,45,55,19,23,7,7
2/6/2016,Aston Villa,Norwich,11,13,0,70,30,23,46,31,0,8,3,3,6,4,3,4,2,0,H,0,0,0,0,2,0,48.3,51.7,19,29,2,11
2/6/2016,Liverpool,Sunderland,19,7,6,50,44,0,29,71,1,10,8,0,2,5,5,2,2,2,D,0,0,0,0,2,2,71.3,28.7,26,7,7,2
2/6/2016,Man City,Leicester,22,14,14,59,27,14,71,15,3,13,6,2,10,2,4,7,1,3,A,0,0,0,0,1,3,65.9,34.1,34,17,11,4
2/6/2016,Newcastle,West Brom,19,7,5,42,53,0,43,57,1,8,10,0,3,4,7,0,1,0,H,0,0,0,0,1,0,68.9,31.1,29,12,8,4
2/6/2016,Southampton,West Ham,8,18,0,88,12,0,56,44,0,7,1,0,10,8,2,2,1,0,H,0,0,0,0,1,0,35.2,64.8,13,33,4,5
2/6/2016,Stoke,Everton,12,14,8,58,34,7,86,7,1,7,4,1,12,1,3,6,0,3,A,0,1,0,1,0,2,65.5,34.5,28,13,6,4
2/6/2016,Swansea,Crystal Palace,18,12,11,50,39,17,42,41,2,9,7,2,5,5,3,2,1,1,D,0,0,0,0,1,1,58.5,41.5,36,21,9,5
2/6/2016,Tottenham,Watford,25,3,4,72,24,0,33,67,1,18,6,0,1,2,9,0,1,0,H,0,0,0,0,1,0,65.9,34.1,39,9,15,1
2/7/2016,Bournemouth,Arsenal,17,10,0,35,65,0,60,40,0,6,11,0,6,4,4,5,0,2,A,0,0,0,0,0,2,50.7,49.3,27,10,7,3
2/7/2016,Chelsea,Man United,16,17,13,63,24,0,53,47,2,10,4,0,9,8,5,7,1,1,D,0,0,0,0,1,1,49.3,50.7,32,26,10,11
2/13/2016,Bournemouth,Stoke,11,11,18,45,37,0,36,64,2,5,4,0,4,7,2,6,1,3,A,0,0,0,0,1,3,65.7,34.3,28,14,9,2
2/13/2016,Chelsea,Newcastle,14,10,7,43,50,0,50,50,1,6,7,0,5,5,5,4,5,1,H,0,0,0,0,5,1,54.9,45.1,15,20,8,3
2/13/2016,Crystal Palace,Watford,15,10,7,27,66,0,50,50,1,4,10,0,5,5,7,3,1,2,A,0,1,0,1,1,1,53.9,46.1,33,14,8,5
2/13/2016,Everton,West Brom,33,5,3,45,52,40,40,20,1,15,17,2,2,1,6,1,0,1,A,0,0,0,0,0,1,75.9,24.1,55,7,14,1
2/13/2016,Norwich,West Ham,13,11,8,38,54,0,55,45,1,5,7,0,6,5,3,6,2,2,D,0,0,0,0,2,2,48.4,51.6,18,21,3,3
2/13/2016,Sunderland,Man United,22,12,5,52,43,8,58,34,1,11,9,1,7,4,5,6,2,1,H,0,0,0,0,2,1,33.7,66.3,17,22,6,8
2/13/2016,Swansea,Southampton,13,14,0,54,46,0,50,50,0,7,6,0,7,7,2,5,0,1,A,0,0,0,0,0,1,54.4,45.6,30,18,5,4
2/14/2016,Arsenal,Leicester,24,7,17,75,8,0,43,57,4,18,2,0,3,4,6,3,2,1,H,0,1,0,1,2,0,72.1,27.9,50,11,11,1
2/14/2016,Aston Villa,Liverpool,6,11,0,50,50,18,45,37,0,3,3,2,5,4,1,9,0,6,A,0,0,0,0,0,6,39.3,60.7,13,18,0,6
2/14/2016,Man City,Tottenham,19,6,5,68,27,0,50,50,1,13,5,0,3,3,4,3,1,2,A,0,1,0,1,1,1,46,54,25,13,7,1
2/27/2016,Leicester,Norwich,9,13,11,44,45,8,38,54,1,4,4,1,5,7,3,1,1,0,H,0,0,0,0,1,0,58.1,41.9,16,12,3,4
2/27/2016,Southampton,Chelsea,7,16,14,14,72,6,38,56,1,1,5,1,6,9,2,4,1,2,A,0,0,0,0,1,2,34.6,65.4,26,23,7,8
2/27/2016,Stoke,Aston Villa,11,5,18,45,37,0,60,40,2,5,4,0,3,2,3,1,2,1,H,1,0,1,0,1,1,55.3,44.7,35,19,11,0
2/27/2016,Watford,Bournemouth,14,11,0,43,57,0,55,45,0,6,8,0,6,5,1,3,0,0,D,0,0,0,0,0,0,46.9,53.1,20,27,4,5
2/27/2016,West Brom,Crystal Palace,11,15,9,55,36,7,67,26,1,6,4,1,10,4,5,2,3,2,H,0,0,0,0,3,2,46.1,53.9,22,28,3,6
2/27/2016,West Ham,Sunderland,9,13,11,44,45,8,38,54,1,4,4,1,5,7,3,4,1,0,H,0,0,0,0,1,0,52.8,47.2,16,12,5,6
2/28/2016,Tottenham,Swansea,34,10,9,47,44,0,40,60,3,16,15,0,4,6,14,4,2,1,H,0,0,0,0,2,1,57.2,42.8,29,13,7,7
2/28/2016,Man United,Arsenal,7,13,0,43,57,15,62,23,0,3,4,2,8,3,5,5,3,2,H,0,0,0,0,3,2,39.2,60.8,12,15,2,3
3/1/2016,Aston Villa,Everton,14,10,0,50,50,40,50,10,0,7,7,4,5,1,5,7,1,3,A,0,0,0,0,1,3,46.8,53.2,35,18,9,8
3/1/2016,Bournemouth,Southampton,9,6,33,11,56,0,67,33,3,1,5,0,4,2,4,1,2,0,H,0,0,0,0,2,0,45.4,54.6,28,17,10,2
3/1/2016,Leicester,West Brom,23,11,14,59,27,27,18,55,3,14,6,3,2,6,5,3,2,2,D,0,0,0,0,2,2,65,35,42,14,11,3
3/1/2016,Norwich,Chelsea,13,10,8,46,46,0,70,30,1,6,6,0,7,3,2,2,1,2,A,0,0,0,0,1,2,47,53,26,12,4,4
3/1/2016,Sunderland,Crystal Palace,17,13,6,29,65,15,77,8,1,5,11,2,10,1,6,5,2,2,D,0,0,0,0,2,2,59.2,40.8,20,15,4,5
3/2/2016,Arsenal,Swansea,17,11,0,71,29,9,18,73,0,12,5,1,2,8,4,2,1,2,A,0,0,0,0,1,2,62.6,37.4,22,12,7,3
3/2/2016,Liverpool,Man City,11,4,0,36,64,0,50,50,0,4,7,0,2,2,7,2,3,0,H,0,0,0,0,3,0,49.6,50.4,11,13,3,2
3/2/2016,Man United,Watford,14,13,7,36,57,23,46,31,1,5,8,3,6,4,3,3,1,0,H,0,0,0,0,1,0,61.3,38.7,19,22,9,7
3/2/2016,Stoke,Newcastle,9,5,0,33,67,0,80,20,0,3,6,0,4,1,2,3,1,0,H,0,0,0,0,1,0,55.3,44.7,24,18,5,2
3/2/2016,West Ham,Tottenham,14,9,7,29,64,22,22,56,1,4,9,2,2,5,3,2,1,0,H,0,0,0,0,1,0,34.9,65.1,15,18,6,3
3/5/2016,Chelsea,Stoke,20,17,5,50,45,6,65,29,1,10,9,1,11,5,7,5,1,1,D,0,0,0,0,1,1,48.7,51.3,24,15,8,4
3/5/2016,Everton,West Ham,15,17,0,53,47,6,53,41,0,8,7,1,9,7,8,5,2,3,A,1,0,0,0,2,3,41.6,58.4,24,35,9,6
3/5/2016,Man City,Aston Villa,22,2,0,73,27,0,100,0,0,16,6,0,2,0,9,1,4,0,H,1,0,0,0,4,0,71.2,28.8,25,9,9,1
3/5/2016,Newcastle,Bournemouth,14,17,0,50,50,0,69,31,0,7,7,0,12,5,3,5,1,3,A,0,0,0,0,1,3,49.3,50.7,20,17,5,4
3/5/2016,Southampton,Sunderland,16,11,6,56,38,0,64,36,1,9,6,0,7,4,5,3,1,1,D,0,0,0,0,1,1,65.1,34.9,35,19,12,2
3/5/2016,Swansea,Norwich,10,8,10,60,30,13,75,12,1,6,3,1,6,1,3,3,1,0,H,0,0,0,0,1,0,55.8,44.2,20,14,5,0
3/5/2016,Tottenham,Arsenal,26,10,8,38,54,0,50,50,2,10,14,0,5,5,11,4,2,2,D,0,0,0,0,2,2,51.8,48.2,26,7,9,2
3/5/2016,Watford,Leicester,11,14,9,45,46,7,64,29,1,5,5,1,9,4,4,7,0,1,A,0,0,0,0,0,1,50.2,49.8,25,21,3,8
3/6/2016,Crystal Palace,Liverpool,14,19,7,57,36,5,42,53,1,8,5,1,8,10,4,5,1,2,A,0,1,0,1,1,1,38.5,61.5,26,20,6,6
3/6/2016,West Brom,Man United,9,7,11,56,33,0,43,57,1,5,3,0,3,4,2,1,1,0,H,0,0,0,0,1,0,46.6,53.4,15,20,4,5
3/12/2016,Bournemouth,Swansea,12,13,0,67,33,8,54,38,0,8,4,1,7,5,4,4,3,2,H,0,0,0,0,3,2,44,56,13,18,5,3
3/12/2016,Norwich,Man City,5,15,0,40,60,7,33,60,0,2,3,1,5,9,0,3,0,0,D,0,0,0,0,0,0,33.9,66.1,18,32,3,8
3/12/2016,Stoke,Southampton,13,11,8,31,61,9,45,46,1,4,8,1,5,5,2,4,1,2,A,0,0,0,0,1,2,60.6,39.4,23,21,1,4
3/13/2016,Aston Villa,Tottenham,12,19,25,42,33,0,58,42,3,5,4,0,11,8,2,8,0,2,A,0,0,0,0,0,2,37.5,62.5,27,14,5,8
3/14/2016,Leicester,Newcastle,10,12,0,70,30,0,67,33,0,7,3,0,8,4,1,2,1,0,H,0,0,0,0,1,0,49.9,50.1,25,20,8,4
3/19/2016,Chelsea,West Ham,22,13,9,64,27,8,62,30,2,14,6,1,8,4,5,6,2,2,D,1,0,1,0,1,2,59.4,40.6,28,17,10,9
3/19/2016,Crystal Palace,Leicester,13,8,8,46,46,13,63,24,1,6,6,1,5,2,4,3,0,1,A,0,0,0,0,0,1,55.9,44.1,39,26,10,7
3/19/2016,Everton,Arsenal,8,11,25,38,37,9,73,18,2,3,3,1,8,2,2,3,0,2,A,0,0,0,0,0,2,54.3,45.7,36,12,7,5
3/19/2016,Swansea,Aston Villa,10,12,10,20,70,8,58,34,1,2,7,1,7,4,1,2,1,0,H,0,0,0,0,1,0,53.8,46.2,17,33,4,6
3/19/2016,Watford,Stoke,9,9,11,56,33,11,22,67,1,5,3,1,2,6,4,6,1,2,A,0,0,0,0,1,2,52.1,47.9,32,20,9,2
3/19/2016,West Brom,Norwich,10,7,0,50,50,0,57,43,0,5,5,0,4,3,0,1,0,1,A,0,0,0,0,0,1,50.1,49.9,20,21,4,3
3/20/2016,Man City,Man United,26,5,12,69,19,0,60,40,3,18,5,0,3,2,2,3,0,1,A,0,0,0,0,0,1,54.5,45.5,32,12,11,5
3/20/2016,Newcastle,Sunderland,17,14,18,35,47,0,50,50,3,6,8,0,7,7,8,4,1,1,D,0,0,0,0,1,1,59.9,40.1,21,7,2,5
3/20/2016,Southampton,Liverpool,16,17,0,56,44,0,59,41,0,9,7,0,10,7,5,9,3,2,H,1,0,0,0,3,2,49.2,50.8,21,16,3,5
3/20/2016,Tottenham,Bournemouth,17,2,0,53,47,0,100,0,0,9,8,0,2,0,8,0,3,0,H,0,0,0,0,3,0,62.8,37.2,13,23,4,5
4/2/2016,Arsenal,Watford,19,7,11,63,26,0,71,29,2,12,5,0,5,2,12,2,4,0,H,0,0,0,0,4,0,69,31,15,22,8,3
4/2/2016,Aston Villa,Chelsea,15,11,0,40,60,9,55,36,0,6,9,1,6,4,4,8,0,4,A,0,1,0,1,0,3,41.7,58.3,24,5,7,2
4/2/2016,Bournemouth,Man City,11,15,9,45,46,7,60,33,1,5,5,1,9,5,2,7,0,4,A,0,0,0,0,0,4,45.6,54.4,17,15,4,4
4/2/2016,Liverpool,Tottenham,15,18,0,60,40,0,44,56,0,9,6,0,8,10,7,5,1,1,D,0,0,0,0,1,1,42.2,57.8,24,18,12,9
4/2/2016,Norwich,Newcastle,13,13,0,62,38,15,62,23,0,8,5,2,8,3,6,5,3,2,H,0,1,0,1,3,1,42.7,57.3,32,32,6,5
4/2/2016,Stoke,Swansea,12,12,8,33,59,0,50,50,1,4,7,0,6,6,5,3,2,2,D,0,0,0,0,2,2,47.2,52.8,16,25,5,5
4/2/2016,Sunderland,West Brom,22,3,0,59,41,0,33,67,0,13,9,0,1,2,7,0,0,0,D,0,0,0,0,0,0,56.8,43.2,20,17,9,3
4/2/2016,West Ham,Crystal Palace,18,12,6,44,50,17,67,16,1,8,9,2,8,2,6,5,2,2,D,0,0,0,0,2,2,66.6,33.4,15,31,4,5
4/3/2016,Leicester,Southampton,11,10,18,55,27,0,70,30,2,6,3,0,7,3,4,2,1,0,H,0,0,0,0,1,0,46,54,20,45,7,8
4/3/2016,Man United,Everton,10,7,0,50,50,0,86,14,0,5,5,0,6,1,2,1,1,0,H,0,0,0,0,1,0,54.4,45.6,18,20,5,5
4/9/2016,Aston Villa,Bournemouth,6,12,0,50,50,8,50,42,0,3,3,1,6,5,1,3,1,2,A,0,0,0,0,1,2,41.4,58.6,20,18,3,8
4/9/2016,Crystal Palace,Norwich,13,13,8,69,23,8,54,38,1,9,3,1,7,5,6,4,1,0,H,0,0,0,0,1,0,52,48,37,27,10,4
4/9/2016,Man City,West Brom,13,13,15,46,39,8,46,46,2,6,5,1,6,6,4,2,2,1,H,1,0,1,0,1,1,62.1,37.9,21,31,8,8
4/9/2016,Southampton,Newcastle,20,5,10,60,30,0,20,80,2,12,6,0,1,4,6,3,3,1,H,0,0,0,0,3,1,50.6,49.4,30,20,11,2
4/9/2016,Swansea,Chelsea,12,8,8,58,34,0,88,12,1,7,4,0,7,1,6,2,1,0,H,0,0,0,0,1,0,39.3,60.7,17,29,1,9
4/9/2016,Watford,Everton,14,12,8,31,61,8,50,42,1,4,9,1,6,5,5,7,1,1,D,0,0,0,0,1,1,41.9,58.1,21,27,7,6
4/9/2016,West Ham,Arsenal,19,11,11,58,31,0,82,18,2,11,6,0,9,2,7,6,3,3,D,0,0,0,0,3,3,39.3,60.7,26,21,7,4
4/10/2016,Liverpool,Stoke,14,11,21,21,58,0,45,55,3,3,8,0,5,6,6,3,4,1,H,0,0,0,0,4,1,52.9,47.1,18,23,6,3
4/10/2016,Sunderland,Leicester,15,16,0,53,47,0,75,25,0,8,7,0,12,4,1,7,0,2,A,0,0,0,0,0,2,44.8,55.2,8,24,1,7
4/10/2016,Tottenham,Man United,16,5,0,56,44,0,40,60,0,9,7,0,2,3,8,1,3,0,H,0,0,0,0,3,0,47,53,14,17,2,7
4/13/2016,Crystal Palace,Everton,19,9,11,53,36,0,44,56,2,10,7,0,4,5,6,5,0,0,D,0,0,0,0,0,0,56.9,43.1,40,18,10,7
4/16/2016,Chelsea,Man City,11,11,0,36,64,0,73,27,0,4,7,0,8,3,4,8,0,3,A,0,1,0,1,0,2,51.8,48.2,28,10,11,3
4/16/2016,Everton,Southampton,7,18,0,43,57,17,56,27,0,3,4,3,10,5,2,4,1,1,D,0,0,0,0,1,1,49.3,50.7,10,40,3,10
4/16/2016,Man United,Aston Villa,13,7,8,62,30,0,57,43,1,8,4,0,4,3,4,1,1,0,H,0,0,0,0,1,0,66.2,33.8,25,14,14,3
4/16/2016,Newcastle,Swansea,12,11,8,50,42,0,73,27,1,6,5,0,8,3,7,1,3,0,H,0,0,0,0,3,0,34.5,65.5,18,22,3,7
4/16/2016,Norwich,Sunderland,19,8,5,47,48,13,50,37,1,9,9,1,4,3,6,3,0,3,A,0,1,0,1,0,2,64,36,34,5,14,0
4/16/2016,West Brom,Watford,17,11,0,71,29,0,55,45,0,12,5,0,6,5,4,4,0,1,A,2,0,0,0,0,1,56.7,43.3,44,7,9,3
4/17/2016,Arsenal,Crystal Palace,21,7,5,67,28,14,29,57,1,14,6,1,2,4,6,2,1,1,D,0,0,0,0,1,1,71.7,28.3,33,21,10,5
4/17/2016,Bournemouth,Liverpool,18,19,0,61,39,5,58,37,0,11,7,1,11,7,5,6,1,2,A,0,0,0,0,1,2,51.3,48.7,24,13,5,4
4/17/2016,Leicester,West Ham,6,19,17,67,16,11,42,47,1,4,1,2,8,9,2,4,2,2,D,1,1,1,1,1,1,43.5,56.5,6,34,0,5
4/18/2016,Stoke,Tottenham,12,23,0,50,50,0,74,26,0,6,6,0,17,6,2,6,0,4,A,0,0,0,0,0,4,51.2,48.8,23,13,5,3
4/19/2016,Newcastle,Man City,5,9,0,80,20,0,67,33,0,4,1,0,6,3,3,5,1,1,D,0,0,0,0,1,1,43.2,56.8,20,19,5,3
4/20/2016,Liverpool,Everton,37,3,3,46,51,0,0,100,1,17,19,0,0,3,13,0,4,0,H,0,0,0,0,4,0,66.6,33.4,33,4,9,1
4/20/2016,Man United,Crystal Palace,17,5,0,50,50,0,40,60,0,9,9,0,2,3,10,0,2,0,H,0,0,0,0,2,0,66.3,33.7,18,9,10,2
4/20/2016,West Ham,Watford,18,7,6,67,27,0,43,57,1,12,5,0,3,4,7,4,3,1,H,2,1,2,0,1,1,46.2,53.8,15,15,4,2
4/21/2016,Arsenal,West Brom,16,8,6,56,38,25,25,50,1,9,6,2,2,4,7,1,2,0,H,0,0,0,0,2,0,71.4,28.6,11,20,2,6
4/23/2016,Aston Villa,Southampton,16,17,0,75,25,6,65,29,0,12,4,1,11,5,7,7,2,4,A,0,0,0,0,2,4,42,58,23,31,6,11
4/23/2016,Bournemouth,Chelsea,13,16,0,54,46,6,56,38,0,7,6,1,9,6,4,4,1,4,A,0,0,0,0,1,4,45.3,54.7,26,12,10,7
4/23/2016,Liverpool,Newcastle,13,6,0,46,54,0,83,17,0,6,7,0,5,1,4,3,2,2,D,0,0,0,0,2,2,67,33,20,16,5,4
4/23/2016,Man City,Stoke,11,14,9,55,36,0,50,50,1,6,4,0,7,7,6,2,4,0,H,1,0,1,0,3,0,53.2,46.8,13,13,9,4
4/24/2016,Leicester,Swansea,18,9,17,61,22,11,56,33,3,11,4,1,5,3,9,1,4,0,H,0,0,0,0,4,0,38.3,61.7,13,25,4,6
4/24/2016,Sunderland,Arsenal,12,20,0,42,58,15,30,55,0,5,7,3,6,11,3,7,0,0,D,0,0,0,0,0,0,29.8,70.2,21,24,7,7
4/25/2016,Tottenham,West Brom,19,16,6,44,50,13,38,49,1,8,10,2,6,8,2,3,1,1,D,0,0,0,0,1,1,66.5,33.5,20,24,9,7
4/30/2016,Arsenal,Norwich,14,12,7,50,43,0,50,50,1,7,6,0,6,6,3,3,1,0,H,0,0,0,0,1,0,68.6,31.4,21,21,7,3
4/30/2016,Everton,Bournemouth,12,16,0,58,42,0,50,50,0,7,5,0,8,8,5,2,2,1,H,0,0,0,0,2,1,56.5,43.5,12,20,3,5
4/30/2016,Newcastle,Crystal Palace,10,9,0,50,50,0,44,56,0,5,5,0,4,5,4,3,1,0,H,0,1,0,0,1,0,49.5,50.5,18,26,4,8
4/30/2016,Stoke,Sunderland,11,14,0,55,45,0,57,43,0,6,5,0,8,6,3,5,1,1,D,0,1,0,1,1,0,53.6,46.4,14,24,2,8
4/30/2016,Watford,Aston Villa,18,7,0,50,50,0,71,29,0,9,9,0,5,2,6,2,3,2,H,0,0,0,0,3,2,64.7,35.3,36,11,8,4
4/30/2016,West Brom,West Ham,15,8,7,60,33,25,38,37,1,9,5,2,3,3,5,4,0,3,A,0,0,0,0,0,3,40.9,59.1,23,20,8,6
5/1/2016,Man United,Leicester,21,14,0,43,57,14,57,29,0,9,12,2,8,4,6,3,1,1,D,0,0,0,0,1,1,70.5,29.5,37,15,6,5
5/1/2016,Southampton,Man City,14,6,14,50,36,0,67,33,2,7,5,0,4,2,7,5,4,2,H,0,0,0,0,4,2,40.2,59.8,19,14,8,2
5/1/2016,Swansea,Liverpool,18,11,11,50,39,0,27,73,2,9,7,0,3,8,9,3,3,1,H,0,0,0,0,3,1,47.6,52.4,20,17,4,7
5/2/2016,Chelsea,Tottenham,13,16,0,77,23,0,63,37,0,10,3,0,10,6,5,5,2,2,D,0,0,0,0,2,2,47.3,52.7,20,20,7,8
5/7/2016,Aston Villa,Newcastle,2,9,0,50,50,0,89,11,0,1,1,0,8,1,0,3,0,0,D,0,0,0,0,0,0,45.9,54.1,13,37,0,5
5/7/2016,Bournemouth,West Brom,12,12,8,28,64,0,58,42,1,3,8,0,7,5,4,4,1,1,D,0,1,0,0,1,1,68.3,31.7,19,17,5,3
5/7/2016,Crystal Palace,Stoke,17,12,6,35,59,0,50,50,1,6,10,0,6,6,4,3,2,1,H,0,0,0,0,2,1,57.8,42.2,28,12,4,3
5/7/2016,Leicester,Everton,32,9,13,59,28,22,44,34,4,19,9,2,4,3,8,5,3,1,H,2,0,1,0,2,1,41.3,58.7,30,20,12,4
5/7/2016,Norwich,Man United,8,15,0,100,0,7,47,46,0,8,0,1,7,7,2,2,0,1,A,0,0,0,0,0,1,33.1,66.9,24,20,1,6
5/7/2016,Sunderland,Chelsea,14,9,7,29,64,11,67,22,1,4,9,1,6,2,4,8,3,2,H,0,0,0,0,3,2,31.4,68.6,16,7,3,3
5/7/2016,West Ham,Swansea,26,13,12,44,44,15,54,31,3,11,11,2,7,4,7,6,1,4,A,0,0,0,0,1,4,51.9,48.1,36,20,13,3
5/8/2016,Liverpool,Watford,19,14,16,53,31,0,79,21,3,10,6,0,11,3,5,3,2,0,H,0,0,0,0,2,0,66.1,33.9,21,23,8,8
5/8/2016,Man City,Arsenal,14,5,7,57,36,0,60,40,1,8,5,0,3,2,3,2,2,2,D,0,0,0,0,2,2,57.2,42.8,25,14,7,2
5/8/2016,Tottenham,Southampton,20,10,10,50,40,10,40,50,2,10,8,1,4,5,6,2,1,2,A,0,0,0,0,1,2,69.8,30.2,24,11,10,2
5/10/2016,West Ham,Man United,20,3,5,50,45,0,67,33,1,10,9,0,2,1,6,2,3,2,H,0,0,0,0,3,2,41.3,58.7,21,12,6,2
5/11/2016,Liverpool,Chelsea,28,13,7,39,54,0,46,54,2,11,15,0,6,7,9,7,1,1,D,0,0,0,0,1,1,55.3,44.7,20,8,7,3
5/11/2016,Norwich,Watford,19,12,6,44,50,8,42,50,1,8,10,1,5,6,6,7,4,2,H,0,0,0,0,4,2,55.6,44.4,20,13,5,1
5/11/2016,Sunderland,Everton,14,17,14,57,29,12,53,35,2,8,4,2,9,6,8,6,3,0,H,0,0,0,0,3,0,37.7,62.3,17,17,5,5
5/15/2016,Arsenal,Aston Villa,17,5,6,63,31,0,40,60,1,11,5,0,2,3,7,2,4,0,H,0,0,0,0,4,0,59.6,40.4,21,12,5,4
5/15/2016,Chelsea,Leicester,17,18,6,59,35,6,22,72,1,10,6,1,4,13,4,5,1,1,D,1,0,1,0,0,1,54,46,17,19,7,6
5/15/2016,Everton,Norwich,15,11,0,67,33,9,64,27,0,10,5,1,7,3,8,2,3,0,H,1,0,1,0,2,0,45.5,54.5,19,35,4,11
5/15/2016,Newcastle,Tottenham,19,18,5,53,42,0,39,61,1,10,8,0,7,11,10,5,5,1,H,1,0,1,0,4,1,38.5,61.5,12,28,3,8
5/15/2016,Southampton,Crystal Palace,19,16,11,42,47,0,63,37,2,8,9,0,10,6,5,4,4,1,H,1,0,1,0,3,1,49.8,50.2,26,22,2,5
5/15/2016,Stoke,West Ham,7,20,0,29,71,25,55,20,0,2,5,5,11,4,4,7,2,1,H,0,0,0,0,2,1,46.7,53.3,17,22,4,10
5/15/2016,Swansea,Man City,4,18,0,25,75,17,44,39,0,1,3,3,8,7,1,5,1,1,D,0,0,0,0,1,1,50,50,16,16,4,4
5/15/2016,Watford,Sunderland,20,6,0,45,55,17,50,33,0,9,11,1,3,2,6,4,2,2,D,1,0,1,0,1,2,54.2,45.8,28,18,7,4
5/15/2016,West Brom,Liverpool,13,7,23,38,39,0,57,43,3,5,5,0,4,3,1,3,1,1,D,0,0,0,0,1,1,32.6,67.4,20,13,7,5
5/17/2016,Man United,Bournemouth,12,8,0,67,33,0,86,14,0,8,4,0,7,1,5,0,3,1,H,0,0,0,0,3,1,66.3,33.7,12,4,7,1
8/13/2016,Burnley,Swansea,10,17,10,50,40,12,53,35,1,5,4,2,9,6,3,9,0,1,A,0,0,0,0,0,1,47.5,52.5,23,28,7,4
8/13/2016,Crystal Palace,West Brom,14,13,0,50,50,0,62,38,0,7,7,0,8,5,4,3,0,1,A,0,0,0,0,0,1,62.3,37.7,25,21,3,6
8/13/2016,Everton,Tottenham,12,13,0,50,50,0,62,38,0,6,6,0,8,5,6,4,1,1,D,0,0,0,0,1,1,42.5,57.5,12,21,5,6
8/13/2016,Hull,Leicester,14,18,14,36,50,0,50,50,2,5,7,0,9,9,5,5,2,1,H,0,1,0,1,2,0,49.7,50.3,14,12,5,3
8/13/2016,Man City,Sunderland,17,7,0,50,50,14,43,43,0,9,9,1,3,3,4,3,2,1,H,1,0,1,0,1,1,76.9,23.1,24,20,9,6
8/13/2016,Middlesbrough,Stoke,12,12,17,50,33,0,58,42,2,6,4,0,7,5,2,1,1,1,D,0,0,0,0,1,1,45.6,54.4,23,22,9,6
8/13/2016,Southampton,Watford,24,5,8,38,54,0,20,80,2,9,13,0,1,4,6,1,1,1,D,0,0,0,0,1,1,64.3,35.7,31,15,6,2
8/14/2016,Arsenal,Liverpool,9,16,0,67,33,6,69,25,0,6,3,1,11,4,5,7,3,4,A,1,0,0,0,3,4,50.7,49.3,19,10,5,4
8/14/2016,Bournemouth,Man United,9,11,11,56,33,18,55,27,1,5,3,2,6,3,3,7,1,3,A,0,0,0,0,1,3,47.4,52.6,24,7,4,2
8/15/2016,Chelsea,West Ham,16,7,0,56,44,14,43,43,0,9,7,1,3,3,6,3,2,1,H,1,0,1,0,1,1,61.7,38.3,20,7,7,1
8/19/2016,Man United,Southampton,12,13,0,58,42,0,54,46,0,7,5,0,7,6,5,1,2,0,H,1,0,1,0,1,0,43.4,56.6,18,23,4,0
8/20/2016,Burnley,Liverpool,3,26,0,0,100,0,35,65,0,0,3,0,9,17,2,5,2,0,H,0,0,0,0,2,0,19.6,80.4,3,28,1,12
8/20/2016,Leicester,Arsenal,8,13,0,38,62,0,38,62,0,3,5,0,5,8,1,4,0,0,D,0,0,0,0,0,0,39.5,60.5,16,21,2,7
8/20/2016,Stoke,Man City,8,12,0,63,37,8,67,25,0,5,3,1,8,3,3,6,1,4,A,1,1,1,1,0,3,42.5,57.5,16,18,7,7
8/20/2016,Swansea,Hull,23,12,0,39,61,8,67,25,0,9,14,1,8,3,3,4,0,2,A,0,0,0,0,0,2,56.6,43.4,38,5,8,3
8/20/2016,Tottenham,Crystal Palace,20,10,10,40,50,0,40,60,2,8,10,0,4,6,5,2,1,0,H,0,0,0,0,1,0,56.9,43.1,22,27,10,4
8/20/2016,Watford,Chelsea,6,13,17,33,50,0,46,54,1,2,3,0,6,7,2,4,1,2,A,0,0,0,0,1,2,37.6,62.4,13,26,0,5
8/20/2016,West Brom,Everton,11,13,9,64,27,15,62,23,1,7,3,2,8,3,4,7,1,2,A,0,0,0,0,1,2,33.6,66.4,18,17,7,4
8/21/2016,Sunderland,Middlesbrough,18,8,6,67,27,0,38,62,1,12,5,0,3,5,5,3,1,2,A,0,0,0,0,1,2,46.9,53.1,21,6,8,1
8/21/2016,West Ham,Bournemouth,16,8,6,50,44,13,38,49,1,8,7,1,3,4,2,5,1,0,H,0,0,0,0,1,0,46.8,53.2,22,15,1,6
8/27/2016,Chelsea,Burnley,22,6,5,59,36,0,67,33,1,13,8,0,4,2,10,0,3,0,H,0,0,0,0,3,0,52.2,47.8,26,20,9,5
8/27/2016,Crystal Palace,Bournemouth,24,10,4,63,33,0,50,50,1,15,8,0,5,5,5,3,1,1,D,1,0,0,0,1,1,59.4,40.6,46,12,10,4
8/27/2016,Everton,Stoke,22,8,10,33,57,0,13,87,2,7,13,0,1,7,9,1,1,0,H,1,0,0,0,1,0,54.9,45.1,19,18,9,2
8/27/2016,Hull,Man United,8,29,0,25,75,7,41,52,0,2,6,2,12,15,2,9,0,1,A,0,0,0,0,0,1,37.9,62.1,7,41,1,6
8/27/2016,Leicester,Swansea,13,9,8,54,38,0,44,56,1,7,5,0,4,5,6,3,2,1,H,1,0,0,0,2,1,52.2,47.8,18,23,4,6
8/27/2016,Southampton,Sunderland,16,5,0,6,94,20,60,20,0,1,15,1,3,1,7,2,1,1,D,0,1,0,1,1,0,63.8,36.2,21,16,5,5
8/27/2016,Tottenham,Liverpool,11,13,0,45,55,8,69,23,0,5,6,1,9,3,4,3,1,1,D,0,1,0,1,1,0,49.3,50.7,17,12,5,5
8/27/2016,Watford,Arsenal,14,10,7,50,43,20,40,40,1,7,6,2,4,4,6,7,1,3,A,0,1,0,1,1,2,45.3,54.7,26,16,3,2
8/28/2016,Man City,West Ham,22,9,9,68,23,11,67,22,2,15,5,1,6,2,5,2,3,1,H,0,0,0,0,3,1,67.1,32.9,16,18,5,4
8/28/2016,West Brom,Middlesbrough,13,7,15,46,39,14,57,29,2,6,5,1,4,2,2,2,0,0,D,0,0,0,0,0,0,41,59,22,20,5,4
9/10/2016,Arsenal,Southampton,17,12,0,88,12,0,55,45,0,15,2,0,7,5,2,5,2,1,H,1,0,1,0,1,1,56.7,43.3,28,16,6,1
9/10/2016,Bournemouth,West Brom,12,12,8,58,34,17,33,50,1,7,4,2,4,6,5,2,1,0,H,0,0,0,0,1,0,63.5,36.5,27,17,10,5
9/10/2016,Burnley,Hull,14,11,0,43,57,9,36,55,0,6,8,1,4,6,2,3,1,1,D,0,0,0,0,1,1,38.8,61.2,18,24,5,9
9/10/2016,Liverpool,Leicester,17,12,6,47,47,0,58,42,1,8,8,0,7,5,11,3,4,1,H,0,0,0,0,4,1,62.7,37.3,7,21,1,7
9/10/2016,Man United,Man City,13,12,7,29,64,11,50,39,1,4,8,1,6,5,3,6,1,2,A,0,0,0,0,1,2,39.9,60.1,25,12,4,4
9/10/2016,Middlesbrough,Crystal Palace,12,12,0,58,42,17,33,50,0,7,5,2,4,6,4,4,1,2,A,0,0,0,0,1,2,57.7,42.3,33,20,6,6
9/10/2016,Stoke,Tottenham,16,20,6,50,44,10,60,30,1,8,7,2,12,6,2,8,0,4,A,0,0,0,0,0,4,39.7,60.3,23,18,10,8
9/10/2016,West Ham,Watford,19,13,5,37,58,0,77,23,1,7,11,0,10,3,4,8,2,4,A,0,0,0,0,2,4,57.9,42.1,26,13,4,4
9/11/2016,Swansea,Chelsea,6,28,0,50,50,7,57,36,0,3,3,2,16,10,2,7,2,2,D,1,0,1,0,1,2,44.9,55.1,15,21,1,11
9/12/2016,Sunderland,Everton,11,20,0,64,36,10,65,25,0,7,4,2,13,5,2,9,0,3,A,0,0,0,0,0,3,33.5,66.5,12,21,5,4
9/16/2016,Chelsea,Liverpool,12,13,8,67,25,15,38,47,1,8,3,2,5,6,4,5,1,2,A,0,0,0,0,1,2,52.7,47.3,28,15,6,4
9/17/2016,Everton,Middlesbrough,11,8,9,64,27,0,14,86,1,7,3,0,1,7,6,0,3,1,H,0,0,0,0,3,1,52.2,47.8,23,18,6,3
9/17/2016,Hull,Arsenal,6,24,0,50,50,4,63,33,0,3,3,1,15,8,2,9,1,4,A,1,1,1,0,0,4,39.3,60.7,18,13,2,4
9/17/2016,Leicester,Burnley,15,7,14,36,50,0,43,57,2,5,8,0,3,4,6,2,3,0,H,0,0,0,0,3,0,59,41,25,13,7,1
9/17/2016,Man City,Bournemouth,20,6,10,45,45,0,50,50,2,9,9,0,3,3,12,2,4,0,H,0,0,0,0,4,0,64.2,35.8,12,11,5,5
9/17/2016,West Brom,West Ham,8,23,0,75,25,9,57,34,0,6,2,2,13,8,6,5,4,2,H,1,1,1,1,3,1,29.6,70.4,11,26,2,6
9/18/2016,Crystal Palace,Stoke,14,11,14,50,36,18,36,46,2,7,5,2,4,5,8,4,4,1,H,0,0,0,0,4,1,56.5,43.5,27,25,10,5
9/18/2016,Southampton,Swansea,19,9,5,63,32,0,67,33,1,12,6,0,6,3,6,3,1,0,H,0,0,0,0,1,0,53,47,34,18,7,1
9/18/2016,Tottenham,Sunderland,31,6,13,39,48,17,67,16,4,12,15,1,4,1,9,2,1,0,H,0,0,0,0,1,0,73.7,26.3,30,7,14,1
9/18/2016,Watford,Man United,10,15,0,60,40,7,47,46,0,6,4,1,7,7,5,2,3,1,H,1,0,1,0,2,1,39.9,60.1,13,33,5,7
9/24/2016,Arsenal,Chelsea,14,9,0,64,36,0,78,22,0,9,5,0,7,2,5,2,3,0,H,0,0,0,0,3,0,49.5,50.5,19,18,9,1
9/24/2016,Bournemouth,Everton,12,13,8,42,50,8,38,54,1,5,6,1,5,7,1,2,1,0,H,0,0,0,0,1,0,52.8,47.2,15,23,5,3
9/24/2016,Liverpool,Hull,23,2,6,47,47,0,50,50,1,11,11,0,1,1,12,1,5,1,H,2,0,2,0,3,1,74.2,25.8,20,5,13,2
9/24/2016,Man United,Leicester,16,10,6,69,25,0,20,80,1,11,4,0,2,8,7,3,4,1,H,0,0,0,0,4,1,67.3,32.7,19,16,8,6
9/24/2016,Middlesbrough,Tottenham,6,19,0,83,17,11,42,47,0,5,1,2,8,9,2,5,1,2,A,0,0,0,0,1,2,41.6,58.4,11,17,2,10
